product_id,product_category,demand,inventory,competitor_price,season,customer_rating,historical_price,optimal_price
P100001,Footwear,53,1367,140.72,Summer,3.4,160.09,92.02
P100002,Clothing,726,1105,99.86,Normal,2.8,114.58,75.76
P100003,Home Decor,229,625,150.77,Normal,3.3,166.6,115.54
P100004,Footwear,717,125,114.37,Summer,4.5,114.35,117.4
P100005,Electronics,573,233,721.07,Summer,3.7,741.12,678.74
P100006,Home Decor,218,367,190.52,Winter,2.9,193.55,156.2
P100007,Footwear,480,612,131.3,Normal,3.3,121.06,96.0
P100008,Footwear,55,1329,151.82,Festival,4.9,168.62,106.43
P100009,Electronics,707,183,753.24,Normal,3.6,800.29,754.22
P100010,Clothing,317,867,72.12,Winter,3.6,75.89,57.66
P100011,Clothing,395,524,83.18,Summer,2.9,78.15,66.5
P100012,Home Decor,173,74,252.72,Festival,3.3,232.84,203.38
P100013,Grocery,377,930,25.13,Summer,4.5,28.04,20.5
P100014,Footwear,407,1057,124.4,Normal,4.5,115.49,97.42
P100015,Clothing,240,1439,68.33,Summer,3.6,61.49,45.2
P100016,Clothing,979,762,77.71,Winter,4.7,81.51,70.17
P100017,Grocery,294,491,30.07,Festival,3.5,32.18,24.1
P100018,Electronics,197,1282,760.52,Festival,4.7,693.82,521.76
P100019,Footwear,557,374,159.63,Festival,2.6,149.39,128.08
P100020,Grocery,332,1025,28.7,Winter,3.4,31.37,21.18
P100021,Footwear,464,1415,143.82,Normal,4.6,162.66,116.32
P100022,Clothing,730,11,95.0,Normal,4.8,95.83,103.09
P100023,Home Decor,96,1388,166.27,Normal,4.4,181.87,116.99
P100024,Home Decor,518,312,175.78,Festival,4.2,169.84,157.86
P100025,Footwear,41,724,168.14,Festival,4.5,179.89,116.86
P100026,Electronics,63,390,737.49,Festival,4.3,759.94,620.86
P100027,Grocery,110,221,25.69,Winter,3.1,28.45,20.61
P100028,Electronics,178,1054,611.91,Winter,3.7,666.67,440.46
P100029,Electronics,362,725,857.5,Festival,4.2,820.39,585.24
P100030,Footwear,936,766,116.24,Summer,4.0,106.98,90.28
P100031,Footwear,908,727,110.75,Summer,4.7,121.61,102.1
P100032,Home Decor,121,1122,186.56,Normal,3.7,165.83,122.08
P100033,Clothing,991,1449,94.16,Summer,2.9,100.12,70.84
P100034,Clothing,642,771,88.35,Festival,3.0,89.1,65.69
P100035,Grocery,562,237,33.35,Festival,4.6,30.03,31.02
P100036,Electronics,796,494,681.99,Summer,2.5,726.94,561.07
P100037,Electronics,494,746,645.85,Normal,4.7,652.56,516.05
P100038,Grocery,280,159,25.1,Summer,2.6,27.91,23.81
P100039,Clothing,539,347,70.61,Normal,3.5,66.11,62.97
P100040,Footwear,730,307,115.56,Normal,4.5,101.77,114.31
P100041,Clothing,689,1459,101.6,Winter,3.5,92.98,72.45
P100042,Home Decor,186,604,160.17,Summer,4.6,152.61,131.79
P100043,Footwear,939,1319,156.72,Winter,2.8,165.51,125.48
P100044,Clothing,299,829,73.46,Winter,3.8,71.83,53.82
P100045,Home Decor,823,761,186.16,Winter,4.0,169.76,139.12
P100046,Footwear,325,1408,129.69,Normal,4.7,148.49,98.3
P100047,Clothing,82,1039,97.25,Summer,2.7,88.43,56.2
P100048,Clothing,996,363,70.54,Normal,3.3,68.84,69.94
P100049,Footwear,597,426,108.85,Summer,4.1,121.55,104.28
P100050,Electronics,230,1000,708.63,Normal,4.9,748.46,530.92
P100051,Electronics,20,8,633.27,Summer,4.6,611.96,586.97
P100052,Electronics,146,233,755.93,Winter,4.6,863.26,710.37
P100053,Footwear,186,116,166.08,Festival,3.8,168.62,145.33
P100054,Footwear,927,1072,105.44,Summer,3.9,93.02,84.05
P100055,Footwear,193,664,141.98,Normal,4.6,125.18,100.86
P100056,Footwear,178,21,106.36,Winter,4.7,120.62,116.18
P100057,Clothing,841,1113,113.89,Festival,4.5,108.87,89.21
P100058,Grocery,881,985,36.57,Festival,4.5,40.2,29.6
P100059,Electronics,224,1079,849.07,Festival,4.7,757.17,576.67
P100060,Electronics,657,249,832.34,Summer,2.8,765.48,724.21
P100061,Footwear,543,1313,145.04,Summer,3.2,161.19,108.04
P100062,Grocery,585,274,21.61,Summer,4.9,24.81,22.28
P100063,Grocery,325,858,21.77,Winter,3.9,19.47,15.82
P100064,Footwear,756,840,102.46,Summer,2.9,94.8,84.07
P100065,Grocery,883,331,25.36,Normal,3.8,27.26,25.6
P100066,Grocery,731,566,32.1,Festival,4.1,32.83,26.67
P100067,Grocery,905,83,30.3,Festival,4.6,29.98,32.46
P100068,Clothing,128,709,94.23,Winter,4.5,87.87,65.5
P100069,Electronics,663,1017,698.18,Winter,2.6,792.63,546.85
P100070,Clothing,999,466,79.14,Festival,3.6,73.32,72.58
P100071,Electronics,544,808,631.99,Winter,2.6,601.41,423.57
P100072,Clothing,943,1430,105.73,Winter,4.7,102.3,78.92
P100073,Home Decor,361,355,184.83,Winter,2.9,169.57,151.04
P100074,Clothing,898,439,90.59,Festival,4.1,92.84,82.46
P100075,Electronics,940,184,575.71,Normal,3.9,559.68,577.75
P100076,Clothing,629,815,102.54,Summer,4.1,107.07,76.93
P100077,Clothing,710,309,86.76,Festival,3.9,84.97,82.35
P100078,Footwear,532,1282,135.73,Summer,4.3,123.71,101.02
P100079,Grocery,330,439,22.21,Winter,4.1,24.78,20.34
P100080,Footwear,545,997,101.83,Normal,2.7,103.62,79.12
P100081,Footwear,963,287,139.45,Summer,3.4,134.83,129.55
P100082,Clothing,34,487,103.19,Festival,3.9,91.26,74.7
P100083,Footwear,220,260,141.51,Winter,3.3,147.37,121.3
P100084,Electronics,509,830,615.48,Summer,4.4,671.66,494.72
P100085,Electronics,352,46,808.28,Normal,3.3,853.15,755.32
P100086,Electronics,631,129,730.41,Winter,4.6,798.11,766.52
P100087,Footwear,373,754,148.43,Normal,2.9,136.83,97.48
P100088,Grocery,665,820,23.6,Winter,4.4,26.96,20.65
P100089,Electronics,124,497,646.23,Normal,3.0,605.55,489.11
P100090,Grocery,345,649,25.56,Winter,3.8,24.33,19.21
P100091,Electronics,698,627,788.69,Winter,3.3,803.14,652.53
P100092,Footwear,481,1138,136.97,Normal,4.1,120.73,94.06
P100093,Clothing,719,672,87.28,Winter,3.0,87.23,67.48
P100094,Clothing,643,1272,70.12,Winter,4.5,65.42,54.77
P100095,Clothing,341,329,71.63,Normal,3.9,77.52,66.39
P100096,Grocery,439,303,24.83,Festival,4.9,26.93,24.56
P100097,Clothing,965,608,94.74,Normal,4.3,99.12,81.87
P100098,Electronics,962,126,724.51,Festival,4.0,720.06,809.3
P100099,Electronics,54,1008,565.96,Normal,4.6,545.45,396.51
P100100,Home Decor,711,588,175.01,Normal,3.0,193.11,151.51
P100101,Home Decor,501,552,181.23,Festival,4.1,184.29,151.71
P100102,Footwear,21,803,157.84,Winter,3.5,160.06,103.07
P100103,Clothing,641,127,78.73,Summer,4.4,71.69,76.18
P100104,Home Decor,42,568,259.39,Festival,2.6,243.55,175.77
P100105,Footwear,332,1458,133.63,Normal,3.6,130.6,92.1
P100106,Footwear,696,944,135.27,Winter,4.1,144.56,102.66
P100107,Clothing,816,863,84.42,Summer,3.7,93.55,67.4
P100108,Clothing,424,760,94.6,Winter,3.1,108.61,73.34
P100109,Electronics,812,705,855.28,Festival,3.7,851.35,688.97
P100110,Home Decor,842,1405,148.41,Normal,4.6,148.77,119.3
P100111,Clothing,458,1395,99.73,Summer,3.0,108.39,74.06
P100112,Electronics,189,617,750.3,Festival,3.4,725.34,505.05
P100113,Clothing,666,1387,77.75,Normal,5.0,79.77,64.25
P100114,Grocery,33,128,24.87,Normal,4.8,26.43,22.32
P100115,Electronics,895,482,746.27,Summer,2.6,704.32,641.33
P100116,Home Decor,400,456,176.7,Normal,3.8,168.84,149.14
P100117,Footwear,764,1047,138.87,Festival,2.7,135.56,106.05
P100118,Footwear,741,910,101.67,Normal,4.8,105.33,86.42
P100119,Clothing,483,711,82.33,Summer,3.6,78.46,61.12
P100120,Grocery,972,387,26.09,Festival,3.5,24.42,23.2
P100121,Grocery,800,762,35.04,Festival,3.2,32.25,24.75
P100122,Grocery,885,407,25.54,Winter,3.9,28.06,25.42
P100123,Electronics,112,748,849.66,Winter,2.9,950.95,580.91
P100124,Clothing,494,512,105.19,Festival,4.5,118.27,90.32
P100125,Electronics,952,1333,878.33,Festival,3.7,967.78,735.03
P100126,Grocery,816,1120,31.61,Summer,3.9,28.99,23.06
P100127,Clothing,465,267,78.25,Winter,4.6,70.92,72.91
P100128,Electronics,88,1410,712.3,Summer,3.0,722.83,457.3
P100129,Electronics,296,989,544.38,Normal,2.9,555.7,423.52
P100130,Grocery,580,528,21.58,Normal,3.6,23.26,19.47
P100131,Electronics,649,798,673.59,Winter,4.5,633.29,539.78
P100132,Home Decor,925,297,206.44,Summer,2.6,233.56,196.52
P100133,Grocery,111,75,30.32,Summer,4.5,29.22,28.34
P100134,Clothing,408,633,78.89,Winter,3.8,81.73,66.65
P100135,Grocery,286,1174,28.55,Normal,3.9,31.79,21.39
P100136,Electronics,960,531,702.91,Festival,3.9,717.91,655.63
P100137,Home Decor,182,579,152.51,Summer,2.6,165.24,117.05
P100138,Grocery,236,1485,21.72,Summer,3.1,23.5,15.26
P100139,Footwear,311,1480,132.47,Summer,4.4,144.83,102.46
P100140,Electronics,123,698,671.95,Normal,3.5,738.46,475.04
P100141,Grocery,650,71,27.62,Festival,3.9,27.23,28.37
P100142,Grocery,534,1020,24.27,Festival,4.9,23.74,19.84
P100143,Home Decor,566,1073,203.06,Winter,2.6,222.74,152.37
P100144,Grocery,909,1371,29.29,Normal,3.6,30.36,23.63
P100145,Grocery,444,1422,22.51,Winter,3.4,23.5,17.83
P100146,Clothing,325,945,90.93,Normal,2.8,90.14,63.17
P100147,Clothing,387,165,87.43,Normal,4.9,81.7,80.72
P100148,Grocery,804,377,30.27,Festival,4.9,30.37,27.62
P100149,Clothing,537,1076,67.26,Normal,3.3,76.8,56.54
P100150,Electronics,185,913,838.61,Winter,4.9,803.83,590.42
P100151,Footwear,696,656,145.18,Festival,2.6,138.42,117.06
P100152,Home Decor,750,605,183.89,Summer,5.0,168.31,156.51
P100153,Electronics,264,1065,820.21,Winter,4.6,828.34,592.91
P100154,Grocery,565,636,30.48,Summer,3.0,29.19,22.99
P100155,Electronics,572,236,758.36,Summer,4.0,808.05,729.26
P100156,Footwear,191,1469,145.43,Summer,4.5,133.28,96.67
P100157,Clothing,28,527,74.07,Winter,3.3,70.13,54.55
P100158,Grocery,723,421,33.84,Festival,3.4,30.35,28.31
P100159,Footwear,623,108,122.25,Winter,4.1,108.95,117.31
P100160,Footwear,719,706,151.75,Winter,2.9,166.9,120.51
P100161,Electronics,389,1479,636.48,Normal,2.8,715.78,477.93
P100162,Home Decor,525,244,151.8,Normal,3.1,164.9,148.67
P100163,Clothing,982,370,82.25,Summer,4.4,91.59,86.6
P100164,Electronics,240,271,789.19,Winter,3.4,712.94,630.68
P100165,Grocery,659,145,30.54,Festival,3.8,34.29,29.67
P100166,Clothing,149,907,91.87,Normal,3.0,92.4,61.07
P100167,Footwear,84,450,106.23,Winter,3.0,115.53,83.18
P100168,Footwear,958,1127,107.54,Normal,4.1,112.52,86.8
P100169,Clothing,147,603,87.54,Summer,2.8,85.3,61.67
P100170,Home Decor,662,956,188.07,Winter,4.2,178.95,146.47
P100171,Clothing,523,138,89.0,Normal,3.5,81.16,83.23
P100172,Grocery,813,497,36.4,Festival,4.2,36.09,30.39
P100173,Clothing,555,623,88.3,Normal,3.5,89.48,70.03
P100174,Home Decor,703,94,185.3,Summer,4.6,212.25,207.64
P100175,Electronics,896,631,705.13,Summer,2.6,627.61,542.71
P100176,Electronics,832,708,811.78,Summer,4.7,843.71,682.37
P100177,Clothing,727,608,91.41,Summer,3.2,93.4,77.45
P100178,Home Decor,179,758,216.06,Summer,2.6,191.47,128.39
P100179,Home Decor,186,1196,201.71,Festival,3.9,195.46,140.69
P100180,Footwear,507,1157,161.43,Festival,3.1,160.49,117.28
P100181,Home Decor,665,26,186.9,Festival,3.6,189.42,190.09
P100182,Home Decor,673,962,217.97,Winter,4.5,205.55,172.41
P100183,Grocery,790,1356,30.88,Summer,4.5,27.46,23.93
P100184,Clothing,121,1307,96.57,Normal,4.0,92.64,68.6
P100185,Footwear,189,488,107.55,Summer,4.9,118.93,95.37
P100186,Footwear,166,1175,141.22,Normal,3.7,155.08,105.72
P100187,Clothing,550,1202,71.46,Summer,2.6,66.38,52.89
P100188,Electronics,641,551,786.72,Festival,4.5,829.6,652.51
P100189,Footwear,133,1304,133.62,Normal,3.1,150.91,92.01
P100190,Clothing,871,950,97.06,Festival,2.9,89.93,74.26
P100191,Home Decor,317,1127,205.21,Festival,2.7,187.72,141.25
P100192,Clothing,667,1122,89.12,Normal,3.3,78.96,64.05
P100193,Electronics,756,1173,739.25,Summer,3.3,684.95,581.03
P100194,Home Decor,55,1435,192.72,Normal,3.3,211.94,132.04
P100195,Electronics,867,1286,680.7,Normal,4.0,748.61,579.48
P100196,Electronics,971,636,730.25,Normal,4.4,749.18,649.41
P100197,Grocery,959,845,26.32,Winter,4.8,25.53,21.27
P100198,Home Decor,156,974,162.1,Winter,2.7,177.96,115.39
P100199,Electronics,404,1285,683.22,Normal,2.9,637.21,515.13
P100200,Clothing,247,592,106.77,Festival,4.0,97.99,74.9
P100201,Footwear,461,472,120.67,Winter,2.7,109.09,96.64
P100202,Home Decor,975,1108,163.25,Summer,3.4,181.18,135.86
P100203,Grocery,767,1431,31.21,Summer,4.1,33.49,24.32
P100204,Electronics,775,1368,820.88,Winter,4.5,860.81,635.2
P100205,Electronics,433,226,727.03,Summer,3.0,782.58,671.44
P100206,Clothing,937,1379,95.44,Summer,4.2,87.68,73.47
P100207,Electronics,921,1184,827.89,Summer,4.1,814.56,677.59
P100208,Footwear,810,239,127.77,Normal,4.6,140.53,131.08
P100209,Electronics,818,14,619.29,Summer,3.3,698.26,687.13
P100210,Grocery,658,310,28.19,Summer,4.4,28.71,26.77
P100211,Footwear,113,1394,154.33,Winter,4.4,140.9,97.63
P100212,Grocery,298,1133,29.59,Winter,3.1,33.86,21.57
P100213,Electronics,773,865,540.33,Normal,4.1,533.12,456.0
P100214,Footwear,340,948,145.72,Normal,4.2,140.79,107.12
P100215,Footwear,188,622,145.53,Winter,3.2,132.78,97.58
P100216,Footwear,948,1358,126.28,Winter,3.6,111.56,96.08
P100217,Electronics,498,238,857.54,Winter,3.6,894.41,779.75
P100218,Electronics,863,474,756.75,Summer,4.4,791.07,720.89
P100219,Home Decor,298,304,224.18,Winter,2.5,211.46,173.67
P100220,Clothing,372,1272,100.99,Summer,3.8,93.28,67.38
P100221,Clothing,356,812,68.97,Summer,3.0,70.53,50.52
P100222,Grocery,385,1027,34.01,Festival,4.1,33.93,23.58
P100223,Footwear,448,1379,121.89,Summer,4.2,117.25,92.42
P100224,Home Decor,311,297,221.31,Summer,3.8,207.8,178.48
P100225,Clothing,817,1446,113.08,Festival,3.9,125.75,92.07
P100226,Home Decor,339,194,224.44,Winter,3.3,257.13,205.5
P100227,Electronics,452,1132,773.31,Summer,3.3,754.76,565.69
P100228,Grocery,863,1055,29.91,Summer,4.4,31.96,23.15
P100229,Grocery,448,1239,24.4,Summer,2.8,27.17,17.33
P100230,Electronics,30,241,666.02,Summer,4.4,590.94,569.01
P100231,Electronics,20,1440,565.16,Normal,4.1,635.9,406.75
P100232,Clothing,447,1192,94.17,Normal,4.7,95.56,68.28
P100233,Home Decor,655,170,209.46,Winter,3.2,215.81,197.64
P100234,Grocery,943,837,28.71,Winter,3.8,29.45,23.5
P100235,Home Decor,148,1226,166.65,Normal,2.6,157.58,111.36
P100236,Footwear,551,717,153.56,Festival,4.8,167.57,123.8
P100237,Grocery,303,574,26.15,Summer,4.2,28.18,21.4
P100238,Footwear,461,416,154.25,Summer,4.1,139.73,125.74
P100239,Electronics,453,776,820.68,Winter,4.3,846.91,632.05
P100240,Electronics,326,1475,802.41,Festival,3.2,913.47,581.93
P100241,Footwear,37,913,144.32,Summer,4.0,160.95,100.69
P100242,Footwear,92,1084,113.3,Winter,4.5,118.85,85.39
P100243,Clothing,531,1170,73.23,Winter,2.7,68.37,54.51
P100244,Grocery,239,1168,28.92,Winter,4.9,28.16,20.28
P100245,Grocery,340,603,30.01,Winter,4.7,27.63,22.75
P100246,Home Decor,108,1154,179.01,Festival,4.9,197.26,136.4
P100247,Grocery,68,495,26.74,Festival,4.5,29.15,21.15
P100248,Clothing,144,878,86.6,Summer,3.2,97.5,60.35
P100249,Clothing,389,457,69.79,Summer,4.0,62.61,55.57
P100250,Clothing,180,1409,80.19,Normal,2.8,91.45,51.75
P100251,Grocery,246,1096,27.22,Winter,4.4,31.06,20.42
P100252,Home Decor,315,877,225.52,Summer,2.9,239.52,157.6
P100253,Clothing,305,680,81.05,Winter,4.7,90.62,62.94
P100254,Clothing,30,782,71.4,Normal,3.1,71.29,51.6
P100255,Clothing,135,1170,65.86,Normal,2.9,63.53,43.93
P100256,Footwear,951,414,104.67,Normal,2.7,96.48,98.33
P100257,Footwear,674,1243,161.83,Festival,4.3,143.79,119.47
P100258,Electronics,141,426,696.8,Winter,3.0,621.08,553.85
P100259,Electronics,298,216,623.86,Winter,3.0,665.48,571.1
P100260,Grocery,395,1106,31.45,Summer,2.9,30.53,20.64
P100261,Electronics,907,1063,888.68,Festival,3.3,795.01,672.6
P100262,Footwear,881,505,123.08,Festival,4.9,112.03,116.6
P100263,Clothing,775,974,77.1,Summer,3.7,81.69,59.55
P100264,Electronics,124,1094,770.42,Normal,3.2,873.23,548.25
P100265,Home Decor,500,1182,213.27,Winter,2.9,211.17,155.54
P100266,Electronics,493,1429,821.2,Summer,2.5,895.08,585.93
P100267,Clothing,644,1282,72.32,Winter,3.4,82.65,54.52
P100268,Electronics,847,661,749.73,Normal,2.8,803.14,605.15
P100269,Electronics,334,349,554.36,Normal,2.6,596.05,475.22
P100270,Electronics,565,150,739.97,Festival,2.8,774.23,715.26
P100271,Electronics,278,862,742.81,Normal,3.3,849.76,541.2
P100272,Electronics,226,1001,731.73,Normal,4.4,703.15,510.5
P100273,Electronics,327,1037,533.59,Normal,2.7,582.37,392.42
P100274,Grocery,740,19,22.67,Normal,4.2,22.49,24.77
P100275,Footwear,449,1053,146.89,Winter,4.1,135.43,104.88
P100276,Clothing,687,1181,69.94,Normal,4.7,75.51,58.13
P100277,Clothing,697,1084,90.66,Festival,3.0,100.08,70.95
P100278,Grocery,374,790,22.48,Normal,4.5,25.02,17.66
P100279,Home Decor,955,27,160.91,Summer,4.7,181.66,181.43
P100280,Home Decor,65,737,212.35,Normal,4.9,229.58,156.45
P100281,Electronics,898,968,550.15,Normal,4.5,562.5,488.94
P100282,Electronics,27,856,723.8,Winter,2.8,820.38,495.65
P100283,Clothing,394,864,89.43,Normal,4.9,83.76,65.19
P100284,Clothing,828,777,71.64,Winter,4.5,64.53,58.36
P100285,Grocery,690,830,28.13,Summer,3.0,28.03,21.57
P100286,Clothing,335,489,79.4,Summer,2.9,82.36,62.54
P100287,Electronics,887,909,765.98,Normal,4.8,814.69,657.43
P100288,Clothing,155,425,109.79,Festival,2.9,120.78,81.67
P100289,Grocery,677,739,30.78,Winter,4.4,27.31,23.09
P100290,Electronics,528,625,760.42,Festival,3.5,833.84,609.84
P100291,Home Decor,223,1072,223.94,Winter,4.3,233.35,164.18
P100292,Electronics,922,1342,751.62,Winter,2.7,854.82,592.52
P100293,Home Decor,770,951,176.91,Normal,4.3,172.3,139.3
P100294,Electronics,28,207,555.55,Normal,3.8,581.43,472.63
P100295,Home Decor,105,1002,152.77,Normal,4.8,166.06,114.58
P100296,Home Decor,75,490,197.13,Festival,3.0,200.96,148.08
P100297,Home Decor,427,78,170.79,Normal,2.8,157.48,149.13
P100298,Footwear,428,292,155.04,Winter,3.0,138.52,123.77
P100299,Footwear,729,1499,159.0,Winter,2.7,144.7,113.99
P100300,Grocery,682,643,22.71,Summer,5.0,23.02,19.84
P100301,Footwear,34,306,173.52,Festival,2.8,182.66,132.88
P100302,Electronics,486,204,861.96,Festival,3.0,891.31,736.88
P100303,Grocery,789,977,25.86,Normal,4.5,27.73,21.57
P100304,Grocery,899,1142,32.61,Winter,3.1,29.04,23.99
P100305,Home Decor,306,532,208.93,Summer,3.1,191.54,153.49
P100306,Grocery,63,159,31.72,Festival,4.2,34.43,27.93
P100307,Clothing,169,535,72.81,Normal,3.5,79.43,57.97
P100308,Grocery,353,999,24.52,Winter,4.6,26.22,18.75
P100309,Clothing,454,175,99.86,Summer,4.1,107.98,92.27
P100310,Electronics,364,405,628.69,Winter,3.2,716.79,567.44
P100311,Grocery,108,7,22.1,Winter,4.0,25.08,21.34
P100312,Clothing,353,710,79.24,Winter,4.7,83.52,62.72
P100313,Clothing,304,259,87.06,Winter,3.4,84.12,77.8
P100314,Clothing,497,303,92.91,Festival,4.3,82.12,82.48
P100315,Clothing,97,173,103.66,Winter,3.5,108.9,88.68
P100316,Clothing,794,1096,84.8,Winter,3.9,84.5,68.0
P100317,Clothing,428,736,99.07,Summer,4.3,91.11,70.8
P100318,Footwear,331,1422,129.08,Normal,2.7,121.1,85.15
P100319,Clothing,908,595,88.65,Winter,3.6,100.43,78.76
P100320,Home Decor,749,336,169.6,Winter,2.7,152.28,152.62
P100321,Home Decor,154,310,173.64,Summer,4.3,189.72,156.4
P100322,Grocery,163,1429,35.19,Festival,4.0,39.54,25.28
P100323,Clothing,22,886,92.43,Normal,3.3,98.52,64.58
P100324,Grocery,569,491,26.07,Summer,2.7,23.37,20.47
P100325,Home Decor,367,982,224.5,Summer,4.8,248.83,172.42
P100326,Grocery,387,838,30.19,Summer,3.3,31.89,20.53
P100327,Footwear,519,176,122.94,Festival,3.2,117.38,119.45
P100328,Grocery,548,1053,27.01,Normal,2.8,28.36,19.77
P100329,Grocery,20,183,30.83,Winter,3.9,28.27,25.29
P100330,Clothing,125,302,99.01,Winter,3.2,106.05,79.82
P100331,Footwear,793,1071,103.11,Normal,4.6,115.88,89.79
P100332,Electronics,954,669,595.78,Normal,4.2,608.2,525.62
P100333,Footwear,840,337,126.9,Winter,2.5,144.29,116.63
P100334,Home Decor,908,106,172.09,Summer,3.9,171.79,172.31
P100335,Electronics,474,892,597.26,Winter,3.1,663.87,481.87
P100336,Grocery,829,1047,27.26,Normal,2.5,29.68,21.69
P100337,Electronics,884,308,674.84,Normal,4.0,609.97,622.51
P100338,Footwear,894,627,106.4,Normal,3.0,119.85,96.45
P100339,Electronics,166,519,696.89,Normal,4.7,784.57,591.0
P100340,Home Decor,163,1338,161.54,Winter,3.9,157.49,112.83
P100341,Electronics,414,1187,678.46,Winter,3.0,742.39,510.07
P100342,Home Decor,513,414,215.21,Summer,4.9,202.44,189.95
P100343,Footwear,958,772,144.33,Normal,3.9,128.19,107.31
P100344,Grocery,331,1385,27.3,Festival,2.9,25.56,18.99
P100345,Footwear,834,521,151.32,Winter,3.8,152.93,131.35
P100346,Footwear,889,215,148.75,Summer,4.9,133.22,150.79
P100347,Home Decor,965,450,194.57,Normal,3.6,179.63,176.72
P100348,Clothing,205,912,99.39,Normal,3.6,112.96,70.36
P100349,Grocery,257,1488,23.15,Normal,3.7,23.46,16.76
P100350,Electronics,235,465,568.85,Summer,3.2,627.0,510.52
P100351,Grocery,740,92,29.57,Normal,2.9,27.67,27.72
P100352,Electronics,692,276,670.22,Normal,3.9,605.81,625.88
P100353,Grocery,418,621,28.58,Festival,4.7,31.18,23.28
P100354,Grocery,107,145,24.89,Festival,4.3,24.25,22.93
P100355,Grocery,530,57,21.19,Normal,2.7,21.28,21.72
P100356,Grocery,737,985,21.48,Normal,3.5,24.65,18.2
P100357,Footwear,484,1237,127.29,Festival,2.5,122.9,88.59
P100358,Footwear,282,353,157.38,Winter,3.3,158.6,125.3
P100359,Grocery,600,786,24.94,Winter,4.2,26.22,18.81
P100360,Grocery,667,861,29.28,Normal,3.2,26.47,21.2
P100361,Home Decor,599,1003,175.94,Festival,4.6,188.86,144.18
P100362,Electronics,875,1469,641.64,Summer,3.7,642.9,509.25
P100363,Electronics,327,1328,809.87,Summer,4.2,750.95,534.73
P100364,Electronics,617,477,584.72,Normal,4.7,582.52,537.61
P100365,Grocery,857,1463,23.55,Normal,4.2,23.66,19.84
P100366,Clothing,228,57,94.03,Normal,4.7,99.02,90.88
P100367,Footwear,295,1442,110.94,Winter,4.5,125.7,84.57
P100368,Footwear,68,218,101.14,Normal,3.9,109.9,93.55
P100369,Clothing,387,175,98.83,Normal,3.2,97.18,86.05
P100370,Home Decor,63,183,189.67,Winter,3.2,216.56,170.99
P100371,Footwear,751,187,136.32,Summer,4.7,149.07,138.38
P100372,Clothing,107,697,69.97,Normal,2.6,62.1,49.64
P100373,Clothing,698,962,75.37,Summer,4.9,68.7,63.49
P100374,Clothing,588,1118,96.08,Festival,3.3,90.21,69.34
P100375,Electronics,988,28,851.61,Festival,4.3,768.62,886.39
P100376,Electronics,361,448,614.96,Normal,3.3,621.77,524.84
P100377,Home Decor,357,202,229.03,Winter,4.9,222.62,202.59
P100378,Clothing,258,223,92.47,Normal,2.6,105.67,79.83
P100379,Clothing,546,1120,87.11,Summer,3.4,87.78,65.28
P100380,Footwear,234,962,122.1,Normal,4.7,114.44,94.22
P100381,Grocery,131,318,27.97,Summer,3.2,31.95,22.84
P100382,Home Decor,949,455,204.23,Normal,3.2,208.06,191.4
P100383,Footwear,685,1387,105.36,Normal,4.7,94.8,84.03
P100384,Grocery,136,864,30.56,Summer,4.6,27.56,20.59
P100385,Clothing,625,362,84.91,Summer,2.8,90.2,77.9
P100386,Home Decor,318,1401,220.0,Normal,4.0,222.99,166.32
P100387,Footwear,196,301,152.14,Summer,3.1,159.52,125.29
P100388,Home Decor,482,440,154.48,Summer,3.0,171.38,142.93
P100389,Electronics,791,1040,678.89,Winter,4.0,722.32,541.0
P100390,Home Decor,20,771,188.33,Normal,2.8,209.55,125.96
P100391,Grocery,368,108,31.03,Festival,3.7,33.53,28.26
P100392,Electronics,922,1211,808.63,Winter,3.1,858.84,630.86
P100393,Grocery,406,346,22.02,Normal,4.6,20.18,20.12
P100394,Footwear,117,1039,138.35,Winter,3.9,139.79,95.82
P100395,Electronics,440,504,844.24,Winter,3.0,841.66,680.95
P100396,Clothing,688,1128,105.88,Winter,4.8,108.63,87.22
P100397,Footwear,996,1347,104.86,Winter,4.6,103.35,91.26
P100398,Clothing,636,1159,105.0,Winter,3.2,109.99,76.55
P100399,Clothing,69,1382,69.8,Normal,4.9,68.82,53.58
P100400,Clothing,812,812,86.59,Summer,3.2,89.24,70.58
P100401,Clothing,784,102,74.08,Normal,3.2,73.08,76.45
P100402,Home Decor,658,806,200.37,Summer,3.5,225.11,161.87
P100403,Footwear,898,694,106.33,Winter,2.9,104.29,89.47
P100404,Electronics,773,1079,617.6,Summer,4.2,665.38,502.28
P100405,Home Decor,247,376,201.62,Festival,3.9,210.84,163.65
P100406,Home Decor,432,1047,218.47,Normal,4.7,214.99,161.93
P100407,Clothing,517,665,90.82,Winter,3.1,99.72,70.36
P100408,Home Decor,498,1006,208.49,Summer,2.9,235.68,157.29
P100409,Electronics,646,632,743.6,Summer,3.4,807.06,603.67
P100410,Home Decor,707,576,177.96,Normal,2.9,202.19,146.02
P100411,Footwear,121,325,105.07,Winter,4.9,104.84,86.75
P100412,Grocery,577,1243,21.65,Normal,4.3,24.39,18.61
P100413,Electronics,58,107,700.91,Winter,4.5,782.62,643.9
P100414,Home Decor,521,358,227.07,Summer,4.4,246.56,204.41
P100415,Electronics,433,642,602.53,Normal,3.1,666.1,474.69
P100416,Clothing,221,237,95.0,Winter,2.9,102.33,78.87
P100417,Electronics,991,1375,786.95,Summer,3.6,801.37,618.85
P100418,Footwear,272,521,145.19,Normal,4.6,149.42,119.44
P100419,Electronics,75,367,633.48,Summer,3.3,628.9,502.41
P100420,Home Decor,371,384,232.86,Winter,2.5,246.68,189.8
P100421,Grocery,762,291,28.66,Winter,4.2,27.73,27.43
P100422,Electronics,29,996,796.62,Festival,3.0,860.11,533.65
P100423,Electronics,503,724,750.56,Normal,3.9,762.86,580.06
P100424,Electronics,429,350,617.71,Summer,2.5,602.49,519.84
P100425,Grocery,868,1310,29.24,Normal,3.8,26.89,23.37
P100426,Footwear,22,986,155.69,Festival,3.5,147.75,101.88
P100427,Clothing,36,607,93.1,Normal,4.7,98.02,71.6
P100428,Home Decor,573,772,213.83,Normal,4.3,209.53,157.14
P100429,Electronics,195,986,705.55,Normal,2.6,627.2,460.52
P100430,Footwear,709,232,118.35,Festival,4.5,114.68,111.29
P100431,Home Decor,292,1213,180.88,Winter,4.5,177.07,139.79
P100432,Footwear,570,391,152.33,Winter,4.2,143.69,127.84
P100433,Footwear,56,49,154.29,Festival,4.8,147.7,135.25
P100434,Home Decor,699,784,229.48,Winter,4.5,245.62,176.31
P100435,Electronics,527,1315,640.48,Normal,3.0,692.67,488.33
P100436,Electronics,20,1100,694.29,Summer,3.5,790.73,483.2
P100437,Electronics,280,466,774.09,Normal,3.4,705.88,615.88
P100438,Grocery,78,600,29.55,Summer,3.8,28.49,21.54
P100439,Footwear,63,895,117.88,Normal,4.9,106.19,80.51
P100440,Grocery,704,353,21.37,Summer,4.0,22.34,19.84
P100441,Home Decor,439,1231,222.21,Summer,3.3,196.53,141.18
P100442,Electronics,806,446,752.79,Normal,4.9,704.19,663.55
P100443,Footwear,272,328,121.58,Normal,4.3,126.26,103.39
P100444,Electronics,723,147,685.67,Normal,3.2,669.81,668.06
P100445,Clothing,622,1041,72.63,Normal,4.8,74.59,59.65
P100446,Footwear,669,42,126.84,Winter,3.4,133.55,129.96
P100447,Home Decor,831,1209,160.23,Normal,3.8,177.3,132.77
P100448,Grocery,713,1459,24.13,Winter,3.7,23.79,19.13
P100449,Electronics,750,171,908.08,Festival,4.8,867.49,854.59
P100450,Grocery,744,149,25.86,Winter,3.2,26.52,25.52
P100451,Electronics,458,1402,783.54,Summer,3.3,704.25,554.47
P100452,Home Decor,729,191,217.45,Festival,4.2,193.82,201.68
P100453,Footwear,845,614,102.05,Normal,4.7,102.27,94.67
P100454,Electronics,743,1307,653.07,Summer,2.8,613.15,458.06
P100455,Electronics,615,212,577.24,Normal,3.0,509.09,496.35
P100456,Electronics,92,996,857.69,Festival,4.9,912.09,611.4
P100457,Home Decor,447,577,224.69,Summer,4.4,247.24,189.6
P100458,Clothing,82,656,108.38,Festival,3.4,99.7,71.1
P100459,Footwear,121,1396,142.72,Summer,3.4,147.33,103.27
P100460,Grocery,373,975,30.66,Summer,3.7,35.12,22.03
P100461,Grocery,474,482,28.85,Normal,4.2,27.48,23.26
P100462,Electronics,537,1402,712.67,Summer,3.9,767.78,553.99
P100463,Home Decor,902,873,208.97,Summer,4.4,193.04,167.87
P100464,Clothing,767,153,79.91,Normal,2.6,90.43,79.68
P100465,Grocery,434,591,21.9,Summer,4.5,19.27,17.02
P100466,Footwear,348,369,134.81,Normal,2.6,129.36,109.16
P100467,Grocery,718,965,28.26,Normal,4.7,32.32,23.78
P100468,Home Decor,289,1291,169.86,Summer,2.6,180.24,120.35
P100469,Electronics,885,63,943.56,Festival,2.8,884.3,903.53
P100470,Grocery,785,1172,21.7,Summer,3.0,23.73,17.81
P100471,Clothing,688,1374,107.28,Festival,3.1,120.42,81.7
P100472,Grocery,264,1491,31.84,Summer,3.5,32.21,21.85
P100473,Electronics,629,993,619.41,Normal,4.1,571.17,464.65
P100474,Electronics,824,474,811.68,Summer,4.7,770.95,703.16
P100475,Clothing,90,222,94.03,Normal,3.8,106.69,81.25
P100476,Clothing,193,1417,93.93,Summer,3.8,86.75,63.36
P100477,Clothing,524,621,101.36,Summer,3.3,97.74,72.44
P100478,Grocery,372,518,29.18,Winter,4.5,26.83,23.64
P100479,Grocery,715,1102,30.47,Festival,2.8,27.68,21.79
P100480,Clothing,413,1074,88.84,Normal,3.3,90.7,62.18
P100481,Clothing,996,1214,82.16,Summer,2.7,81.1,68.47
P100482,Electronics,313,1324,642.52,Summer,3.0,573.43,440.72
P100483,Grocery,373,1316,22.67,Winter,4.0,20.84,15.87
P100484,Clothing,23,260,83.32,Winter,2.8,74.17,67.31
P100485,Electronics,262,258,757.49,Normal,2.8,671.62,624.03
P100486,Clothing,250,312,98.12,Normal,4.6,91.08,79.92
P100487,Grocery,767,942,30.98,Normal,2.8,33.49,23.5
P100488,Clothing,350,873,74.89,Summer,4.0,66.2,53.01
P100489,Grocery,219,1286,28.24,Winter,3.4,27.17,18.07
P100490,Grocery,327,1266,26.69,Normal,4.7,27.56,20.33
P100491,Footwear,571,1220,113.93,Winter,4.3,123.14,94.93
P100492,Grocery,789,123,26.75,Normal,2.6,28.44,26.95
P100493,Grocery,979,1044,25.13,Summer,4.7,28.82,22.6
P100494,Clothing,66,1277,103.9,Winter,3.5,99.16,69.0
P100495,Footwear,844,1473,111.57,Normal,3.2,98.18,82.68
P100496,Grocery,401,517,31.24,Winter,4.2,27.82,25.2
P100497,Clothing,812,1166,96.45,Normal,4.3,87.42,72.52
P100498,Grocery,56,612,30.12,Winter,3.3,34.43,21.67
P100499,Clothing,633,245,75.17,Summer,3.4,77.72,71.1
P100500,Grocery,932,513,24.7,Winter,2.9,27.06,22.13
P100501,Footwear,58,380,152.96,Summer,4.0,175.29,124.68
P100502,Home Decor,794,1367,181.09,Festival,4.9,200.64,155.18
P100503,Home Decor,132,267,161.36,Summer,3.5,159.76,139.14
P100504,Grocery,982,200,36.6,Festival,5.0,40.87,38.22
P100505,Grocery,749,871,28.85,Normal,2.9,28.77,21.79
P100506,Footwear,911,863,145.13,Winter,4.5,132.18,111.15
P100507,Clothing,899,843,73.24,Summer,4.8,75.29,65.1
P100508,Home Decor,329,226,196.57,Winter,4.2,221.58,188.14
P100509,Grocery,427,750,29.54,Normal,2.8,32.25,21.37
P100510,Electronics,697,1393,737.4,Festival,3.3,728.94,545.86
P100511,Electronics,191,139,604.48,Summer,2.7,671.47,557.69
P100512,Home Decor,320,1197,175.17,Festival,4.0,176.1,125.74
P100513,Electronics,117,193,749.42,Winter,5.0,798.01,680.8
P100514,Clothing,890,354,80.25,Winter,3.4,77.84,74.91
P100515,Clothing,262,1347,98.17,Summer,2.9,91.55,70.05
P100516,Electronics,422,450,612.24,Normal,3.2,590.59,486.5
P100517,Clothing,463,786,72.94,Summer,3.9,81.42,52.86
P100518,Footwear,388,575,152.4,Summer,3.9,174.84,121.64
P100519,Electronics,782,923,826.73,Summer,3.1,786.44,582.42
P100520,Footwear,915,611,157.82,Festival,4.4,145.93,128.56
P100521,Home Decor,581,668,232.62,Winter,2.7,209.17,159.38
P100522,Clothing,840,1226,75.44,Winter,4.1,81.74,62.31
P100523,Electronics,128,833,701.37,Winter,3.6,717.19,468.59
P100524,Grocery,967,848,22.69,Normal,2.8,23.38,19.27
P100525,Electronics,133,1209,706.83,Winter,4.1,630.64,475.1
P100526,Clothing,85,644,92.82,Normal,4.2,83.71,66.64
P100527,Home Decor,41,1236,225.78,Winter,3.6,254.44,155.54
P100528,Home Decor,258,1080,152.36,Summer,4.5,157.8,121.77
P100529,Footwear,840,1326,118.5,Normal,3.8,111.29,93.24
P100530,Clothing,314,689,99.8,Normal,3.2,93.41,72.22
P100531,Footwear,795,840,136.54,Winter,4.9,129.03,110.57
P100532,Footwear,435,196,113.68,Normal,4.9,102.0,104.93
P100533,Clothing,121,171,93.2,Festival,2.7,83.27,75.32
P100534,Grocery,483,165,25.41,Winter,4.9,27.3,25.68
P100535,Electronics,247,951,658.1,Normal,4.4,626.0,470.98
P100536,Electronics,305,492,657.23,Normal,2.8,646.59,512.79
P100537,Grocery,526,436,27.51,Winter,3.8,28.2,24.16
P100538,Electronics,794,906,782.14,Festival,2.6,755.87,541.96
P100539,Electronics,595,600,717.89,Winter,4.0,724.55,581.5
P100540,Home Decor,238,206,154.26,Summer,4.8,171.78,155.18
P100541,Home Decor,723,838,151.81,Normal,3.4,143.6,121.42
P100542,Grocery,702,827,28.9,Festival,3.8,31.6,22.25
P100543,Home Decor,252,213,254.99,Festival,3.1,242.56,195.9
P100544,Home Decor,854,408,246.4,Festival,3.9,229.27,222.13
P100545,Electronics,846,359,665.27,Festival,4.5,598.49,620.27
P100546,Clothing,611,1044,87.58,Winter,3.0,93.25,69.42
P100547,Clothing,310,377,86.4,Normal,3.9,85.63,74.07
P100548,Electronics,367,47,787.64,Festival,3.4,856.97,737.99
P100549,Footwear,450,403,134.39,Normal,4.4,123.08,105.61
P100550,Clothing,204,706,105.9,Winter,4.3,110.44,75.09
P100551,Grocery,319,1155,22.83,Winter,4.2,20.17,16.5
P100552,Electronics,151,83,697.4,Summer,3.4,657.75,616.05
P100553,Electronics,171,1322,716.78,Winter,4.0,748.75,492.13
P100554,Home Decor,749,499,196.86,Summer,4.1,176.22,167.73
P100555,Electronics,145,517,579.67,Normal,4.2,569.15,466.67
P100556,Clothing,479,28,87.56,Normal,3.9,90.33,89.14
P100557,Clothing,440,418,71.15,Winter,4.7,76.59,65.48
P100558,Grocery,65,706,30.18,Winter,3.1,32.3,20.91
P100559,Grocery,834,941,27.63,Normal,2.6,25.42,20.64
P100560,Grocery,984,1151,24.77,Summer,4.9,22.3,21.24
P100561,Electronics,645,786,809.42,Normal,2.7,794.54,568.54
P100562,Clothing,677,154,99.76,Winter,4.8,94.27,90.74
P100563,Home Decor,248,590,195.04,Summer,4.0,187.73,146.29
P100564,Grocery,847,1104,32.08,Summer,4.8,31.2,25.44
P100565,Grocery,788,961,29.42,Normal,3.9,29.05,22.2
P100566,Footwear,449,878,111.85,Winter,4.6,114.09,83.42
P100567,Footwear,711,764,128.9,Normal,4.3,113.75,96.43
P100568,Electronics,956,759,716.21,Summer,3.8,687.89,572.62
P100569,Clothing,610,1489,90.7,Summer,3.4,86.29,66.85
P100570,Grocery,215,901,30.61,Normal,2.5,28.89,18.38
P100571,Clothing,343,897,85.0,Summer,3.1,92.9,58.66
P100572,Home Decor,201,507,158.2,Summer,4.9,149.95,135.66
P100573,Grocery,344,737,30.27,Festival,3.2,27.87,20.49
P100574,Footwear,892,1066,139.05,Normal,4.4,154.34,117.48
P100575,Home Decor,205,1287,185.88,Winter,3.8,182.79,125.06
P100576,Grocery,893,1170,21.42,Summer,3.3,19.91,17.31
P100577,Home Decor,299,995,171.07,Normal,5.0,185.24,132.79
P100578,Grocery,509,1168,27.83,Normal,2.6,29.43,19.89
P100579,Home Decor,537,54,154.26,Normal,4.0,175.12,160.5
P100580,Clothing,143,407,78.53,Normal,3.7,87.72,64.48
P100581,Grocery,200,368,21.93,Normal,2.7,23.41,19.66
P100582,Grocery,319,982,27.15,Winter,3.0,25.08,18.29
P100583,Electronics,78,1131,606.91,Winter,4.2,613.25,446.78
P100584,Clothing,759,226,69.35,Normal,2.8,63.25,65.25
P100585,Home Decor,555,293,201.61,Normal,4.5,207.32,187.11
P100586,Grocery,849,745,22.2,Normal,4.1,25.03,19.03
P100587,Electronics,865,1452,679.99,Festival,2.8,599.1,529.85
P100588,Clothing,360,8,91.14,Winter,3.2,101.76,89.71
P100589,Electronics,820,1319,643.32,Festival,2.8,659.8,493.26
P100590,Electronics,80,294,639.82,Festival,4.5,589.17,527.58
P100591,Home Decor,441,406,191.85,Winter,3.8,213.17,174.91
P100592,Clothing,672,949,78.16,Normal,2.5,80.11,53.58
P100593,Clothing,476,1094,99.52,Festival,3.9,99.62,73.31
P100594,Grocery,744,1312,32.12,Summer,3.7,32.59,24.89
P100595,Electronics,861,13,772.31,Festival,4.1,710.36,782.66
P100596,Clothing,435,78,100.79,Festival,2.6,91.76,87.81
P100597,Footwear,288,719,145.83,Normal,2.6,154.38,103.11
P100598,Grocery,591,840,27.24,Winter,3.4,30.44,20.48
P100599,Home Decor,871,394,245.51,Festival,4.2,262.08,232.61
P100600,Grocery,987,956,27.98,Winter,4.2,30.98,24.19
P100601,Grocery,819,401,32.27,Festival,3.2,35.76,29.22
P100602,Footwear,260,1398,150.91,Summer,3.0,134.11,98.27
P100603,Home Decor,221,270,147.65,Normal,4.2,160.67,142.18
P100604,Footwear,581,984,144.89,Normal,2.6,157.71,113.81
P100605,Home Decor,414,797,219.62,Festival,3.9,214.02,160.14
P100606,Footwear,618,159,153.06,Festival,3.6,151.63,145.06
P100607,Home Decor,924,909,187.91,Summer,3.1,203.18,154.64
P100608,Electronics,558,224,714.99,Festival,3.8,819.65,729.8
P100609,Footwear,368,811,107.91,Winter,3.0,123.75,78.44
P100610,Clothing,871,955,98.11,Normal,3.9,98.89,74.23
P100611,Grocery,450,112,28.02,Summer,2.9,30.63,26.56
P100612,Grocery,612,327,29.89,Normal,3.5,30.06,26.89
P100613,Home Decor,152,447,180.32,Winter,3.8,200.84,138.22
P100614,Home Decor,517,1392,199.56,Festival,2.6,210.62,145.61
P100615,Clothing,437,335,91.04,Festival,4.0,103.14,82.79
P100616,Footwear,140,1381,113.63,Summer,4.4,130.59,88.77
P100617,Footwear,227,803,131.54,Winter,4.9,127.48,96.55
P100618,Clothing,709,1423,97.81,Normal,3.0,111.93,72.69
P100619,Electronics,196,1247,917.87,Festival,3.0,979.35,598.78
P100620,Electronics,149,442,691.52,Summer,3.3,652.99,515.1
P100621,Footwear,76,841,123.38,Winter,4.7,108.68,86.45
P100622,Grocery,46,1076,28.7,Winter,3.5,30.56,19.78
P100623,Home Decor,445,122,230.09,Festival,3.3,216.29,201.07
P100624,Grocery,498,996,32.86,Festival,4.4,30.97,23.91
P100625,Home Decor,631,692,194.73,Summer,2.6,200.39,143.58
P100626,Clothing,580,58,78.49,Festival,3.9,69.73,80.67
P100627,Footwear,546,1301,102.32,Normal,3.6,101.55,81.66
P100628,Electronics,999,402,805.17,Normal,4.1,882.33,794.1
P100629,Grocery,264,1311,29.38,Summer,4.3,26.07,21.04
P100630,Footwear,718,314,156.17,Winter,3.3,163.74,144.29
P100631,Home Decor,98,814,184.31,Winter,4.1,170.08,125.98
P100632,Footwear,851,559,129.78,Summer,3.8,144.44,116.48
P100633,Electronics,375,1340,660.36,Winter,2.8,650.78,488.34
P100634,Clothing,359,1429,99.77,Summer,4.7,109.68,75.68
P100635,Electronics,152,1156,631.82,Summer,4.4,679.48,456.62
P100636,Electronics,518,1269,726.92,Normal,4.8,811.98,615.87
P100637,Footwear,411,1154,113.88,Winter,4.3,116.11,84.84
P100638,Footwear,974,443,103.83,Normal,3.1,105.0,93.37
P100639,Footwear,194,1380,109.62,Summer,3.6,97.58,78.86
P100640,Home Decor,429,797,222.52,Festival,3.5,227.89,156.92
P100641,Footwear,902,518,150.5,Winter,2.6,153.65,127.76
P100642,Footwear,811,292,149.96,Normal,3.5,156.52,146.2
P100643,Electronics,769,1066,707.04,Normal,3.4,647.21,510.4
P100644,Clothing,535,419,88.99,Winter,2.5,91.29,73.62
P100645,Grocery,875,980,34.17,Festival,4.6,34.26,28.18
P100646,Home Decor,239,102,157.11,Summer,2.9,163.54,149.55
P100647,Electronics,813,954,895.89,Festival,3.8,948.16,697.22
P100648,Grocery,588,965,29.51,Summer,4.5,28.85,23.99
P100649,Footwear,362,789,133.27,Winter,4.0,135.41,97.38
P100650,Electronics,233,987,555.61,Summer,2.9,548.2,402.68
P100651,Clothing,531,1490,72.56,Normal,4.0,78.84,61.68
P100652,Home Decor,22,1258,186.79,Winter,4.4,204.54,138.47
P100653,Footwear,720,662,173.42,Festival,4.6,166.33,140.33
P100654,Clothing,251,1307,92.82,Winter,3.3,88.18,61.14
P100655,Home Decor,401,1431,198.31,Winter,2.6,210.83,147.4
P100656,Clothing,209,244,84.87,Summer,4.0,92.43,76.55
P100657,Home Decor,476,541,207.97,Normal,3.1,183.62,153.21
P100658,Clothing,383,1115,76.73,Normal,4.5,76.38,58.97
P100659,Grocery,203,774,22.16,Summer,4.2,21.34,16.3
P100660,Clothing,890,206,88.89,Normal,4.4,96.62,96.86
P100661,Clothing,764,711,81.53,Winter,4.9,74.91,67.34
P100662,Home Decor,400,563,177.98,Summer,4.0,194.03,145.37
P100663,Electronics,76,1109,778.91,Festival,4.8,824.54,537.02
P100664,Electronics,848,775,618.87,Summer,4.1,685.45,529.24
P100665,Clothing,702,214,100.23,Summer,3.0,115.0,93.76
P100666,Footwear,564,78,142.1,Normal,4.5,143.34,139.31
P100667,Footwear,612,434,158.51,Winter,4.2,169.42,138.39
P100668,Home Decor,27,239,222.26,Normal,4.9,238.19,190.46
P100669,Clothing,484,1315,90.17,Festival,3.1,99.91,69.01
P100670,Clothing,204,410,78.69,Normal,3.3,80.26,62.61
P100671,Electronics,658,953,859.23,Festival,4.6,781.1,598.64
P100672,Grocery,932,195,20.67,Normal,2.7,23.66,21.13
P100673,Home Decor,540,665,238.0,Winter,4.1,213.09,175.42
P100674,Footwear,612,1401,116.77,Festival,3.8,133.1,93.47
P100675,Grocery,674,966,30.93,Festival,2.9,29.35,21.51
P100676,Clothing,930,436,88.6,Normal,2.9,89.75,83.38
P100677,Home Decor,57,1122,224.91,Summer,4.5,255.65,164.52
P100678,Grocery,323,754,32.36,Festival,2.5,34.39,22.11
P100679,Electronics,282,356,699.85,Normal,4.4,726.52,612.36
P100680,Clothing,722,1494,80.49,Winter,4.3,77.91,63.51
P100681,Electronics,458,1406,698.16,Normal,4.1,669.5,495.77
P100682,Electronics,776,852,787.09,Winter,3.5,699.61,596.59
P100683,Electronics,482,54,697.42,Summer,2.6,724.14,675.26
P100684,Clothing,976,620,109.05,Festival,4.5,108.63,89.28
P100685,Grocery,771,773,22.52,Winter,2.8,21.18,17.51
P100686,Clothing,37,1395,79.45,Summer,3.2,78.16,53.95
P100687,Clothing,988,1100,101.58,Summer,4.9,115.19,87.72
P100688,Home Decor,953,337,177.81,Summer,3.3,197.21,187.09
P100689,Footwear,62,767,130.49,Normal,3.1,129.99,92.62
P100690,Grocery,403,273,26.09,Normal,4.9,29.86,25.17
P100691,Clothing,971,713,115.43,Festival,2.7,115.98,88.12
P100692,Home Decor,841,805,165.0,Summer,2.9,160.76,128.87
P100693,Clothing,478,767,89.56,Festival,3.6,88.19,64.25
P100694,Clothing,553,643,95.27,Normal,4.5,106.33,77.28
P100695,Home Decor,49,658,199.16,Normal,4.7,189.66,144.73
P100696,Grocery,573,1196,27.92,Winter,4.4,26.24,22.28
P100697,Footwear,673,761,122.34,Summer,4.9,139.39,108.61
P100698,Grocery,372,67,24.92,Normal,2.5,26.87,24.03
P100699,Grocery,320,1112,30.55,Normal,4.0,33.18,20.89
P100700,Clothing,831,928,91.35,Summer,2.8,98.64,67.87
P100701,Clothing,459,1045,97.56,Normal,4.8,103.84,77.2
P100702,Clothing,278,1067,102.01,Summer,4.8,92.29,74.23
P100703,Electronics,387,263,706.47,Summer,3.3,765.45,643.31
P100704,Home Decor,502,1458,194.81,Normal,4.6,184.52,145.61
P100705,Clothing,274,1485,104.05,Festival,4.1,95.28,73.44
P100706,Grocery,568,222,31.29,Winter,2.8,35.84,29.5
P100707,Footwear,863,332,132.41,Normal,4.0,117.52,124.84
P100708,Footwear,747,373,104.32,Normal,4.9,92.69,93.9
P100709,Clothing,246,1449,100.96,Summer,3.3,97.29,68.51
P100710,Grocery,482,1399,32.57,Festival,2.5,36.09,24.48
P100711,Home Decor,552,401,214.93,Normal,4.9,245.89,203.62
P100712,Footwear,686,947,141.97,Festival,3.5,129.48,106.9
P100713,Footwear,761,368,122.9,Normal,3.6,121.27,112.96
P100714,Home Decor,495,61,200.92,Normal,4.3,216.64,204.21
P100715,Footwear,328,349,142.62,Summer,4.0,150.36,126.78
P100716,Electronics,666,120,571.58,Summer,3.3,539.0,555.07
P100717,Grocery,143,1272,24.88,Normal,2.7,24.1,16.2
P100718,Electronics,680,1179,748.17,Normal,4.6,778.46,589.99
P100719,Grocery,898,280,32.1,Summer,3.7,28.56,29.21
P100720,Home Decor,715,853,152.96,Summer,4.2,165.91,122.77
P100721,Grocery,444,311,23.35,Normal,4.7,22.28,21.96
P100722,Clothing,826,850,84.04,Summer,2.5,92.75,66.18
P100723,Electronics,541,1344,613.17,Summer,4.6,652.78,511.15
P100724,Home Decor,549,1320,149.68,Normal,4.4,157.81,113.82
P100725,Electronics,855,1250,683.8,Normal,4.9,743.42,602.07
P100726,Electronics,209,365,714.51,Normal,3.1,643.26,575.27
P100727,Clothing,784,290,94.3,Festival,3.3,89.6,86.31
P100728,Electronics,686,244,674.56,Winter,4.2,688.64,659.34
P100729,Clothing,538,195,99.51,Normal,4.8,108.44,99.28
P100730,Grocery,95,922,27.17,Winter,5.0,30.14,20.95
P100731,Clothing,770,989,98.64,Winter,3.5,96.98,75.92
P100732,Electronics,234,1324,613.27,Normal,3.8,671.09,468.62
P100733,Electronics,897,140,765.04,Normal,2.9,718.73,760.92
P100734,Clothing,796,401,93.94,Normal,4.2,84.75,84.54
P100735,Electronics,376,1093,626.06,Summer,4.6,592.61,457.16
P100736,Footwear,446,1023,132.24,Normal,4.5,148.62,107.93
P100737,Electronics,45,644,853.88,Festival,3.4,876.84,584.86
P100738,Clothing,508,232,80.83,Normal,4.9,81.63,78.54
P100739,Clothing,76,728,92.22,Normal,2.8,99.66,62.79
P100740,Clothing,987,262,80.73,Winter,3.7,71.26,79.98
P100741,Electronics,647,805,668.35,Normal,3.9,609.5,533.39
P100742,Electronics,250,1352,955.5,Festival,3.8,866.54,626.97
P100743,Home Decor,807,297,161.43,Normal,4.4,147.36,165.61
P100744,Electronics,39,181,574.31,Normal,4.0,575.7,513.39
P100745,Grocery,558,1107,22.03,Normal,2.7,21.05,17.27
P100746,Grocery,129,41,32.17,Summer,2.9,35.13,28.63
P100747,Clothing,73,1475,73.23,Summer,3.8,81.04,52.46
P100748,Clothing,259,1163,72.14,Normal,4.2,81.5,59.97
P100749,Footwear,308,608,134.25,Normal,3.8,125.25,97.89
P100750,Home Decor,731,546,206.39,Normal,3.4,209.64,169.95
P100751,Clothing,893,583,86.24,Summer,2.6,77.03,66.49
P100752,Clothing,780,598,105.37,Winter,4.5,99.55,89.01
P100753,Clothing,745,1260,66.94,Normal,3.7,70.02,58.73
P100754,Grocery,574,1200,27.17,Normal,3.8,27.01,20.79
P100755,Footwear,383,310,133.58,Summer,3.7,142.47,115.35
P100756,Clothing,269,274,90.45,Festival,3.2,100.09,78.75
P100757,Clothing,946,813,99.44,Summer,3.2,89.1,74.1
P100758,Home Decor,531,977,224.66,Festival,2.7,254.64,161.74
P100759,Electronics,573,1092,619.91,Summer,4.3,552.62,463.32
P100760,Grocery,34,473,22.09,Summer,3.2,25.3,18.23
P100761,Footwear,468,726,107.05,Summer,3.2,112.63,81.11
P100762,Electronics,688,160,783.8,Normal,5.0,698.91,760.32
P100763,Electronics,505,686,602.96,Normal,3.5,594.69,441.05
P100764,Electronics,622,1032,786.51,Normal,3.8,746.96,608.39
P100765,Home Decor,813,460,166.31,Winter,3.5,182.21,154.94
P100766,Electronics,41,481,856.49,Winter,3.2,805.85,619.39
P100767,Electronics,906,696,811.88,Winter,2.5,895.56,653.07
P100768,Electronics,820,1300,667.27,Festival,4.6,643.47,550.24
P100769,Electronics,431,908,590.48,Winter,3.7,677.32,451.38
P100770,Grocery,768,1378,29.14,Normal,4.3,27.77,22.21
P100771,Clothing,85,97,68.29,Normal,4.9,72.72,65.45
P100772,Grocery,322,1274,23.32,Normal,2.5,25.56,17.03
P100773,Grocery,125,70,30.86,Winter,4.2,28.96,27.82
P100774,Home Decor,642,486,257.06,Festival,2.8,231.47,199.08
P100775,Electronics,859,642,769.99,Summer,3.6,792.19,624.43
P100776,Home Decor,609,358,222.97,Summer,4.6,236.98,205.98
P100777,Grocery,717,1483,26.52,Normal,2.7,29.19,20.6
P100778,Electronics,160,1339,886.06,Festival,5.0,844.99,604.64
P100779,Footwear,935,859,116.16,Normal,4.0,129.58,100.67
P100780,Home Decor,209,682,214.63,Summer,3.5,241.94,161.84
P100781,Clothing,535,1143,88.98,Normal,2.5,97.03,64.23
P100782,Home Decor,689,1063,192.09,Normal,4.0,169.43,142.75
P100783,Clothing,859,723,105.72,Winter,3.7,95.52,81.94
P100784,Grocery,934,1241,25.55,Normal,3.0,29.37,21.71
P100785,Home Decor,606,293,207.26,Winter,3.7,223.46,198.63
P100786,Clothing,584,420,83.14,Normal,2.5,87.23,73.73
P100787,Footwear,428,31,111.84,Normal,5.0,125.64,117.06
P100788,Clothing,576,183,76.96,Normal,3.3,68.55,71.24
P100789,Footwear,681,302,148.91,Normal,3.7,161.49,137.34
P100790,Grocery,653,939,26.2,Winter,4.5,27.69,20.44
P100791,Electronics,600,1284,722.89,Normal,4.3,801.7,566.43
P100792,Clothing,451,887,85.11,Normal,4.7,92.77,66.56
P100793,Clothing,211,670,99.1,Summer,4.9,100.18,73.12
P100794,Electronics,73,408,767.12,Summer,3.0,689.76,548.93
P100795,Electronics,432,156,555.54,Normal,3.5,625.28,557.34
P100796,Clothing,408,879,91.84,Festival,4.2,99.75,74.58
P100797,Electronics,615,215,863.74,Festival,2.6,843.2,724.6
P100798,Electronics,902,1186,578.1,Normal,4.3,662.31,534.66
P100799,Footwear,707,616,146.77,Festival,2.5,141.48,111.87
P100800,Footwear,808,528,121.68,Winter,4.8,119.26,108.94
P100801,Footwear,586,44,107.85,Winter,4.3,123.29,112.73
P100802,Clothing,928,367,117.88,Festival,3.9,125.0,111.17
P100803,Home Decor,940,24,219.53,Normal,3.6,245.3,233.07
P100804,Grocery,169,1088,33.67,Festival,5.0,37.7,25.2
P100805,Electronics,646,737,695.24,Festival,4.3,712.51,581.35
P100806,Electronics,515,1179,809.29,Normal,4.5,770.51,576.66
P100807,Footwear,972,850,130.95,Normal,4.6,145.2,117.58
P100808,Electronics,593,1431,803.02,Normal,2.6,815.47,577.31
P100809,Grocery,35,1176,21.59,Summer,2.6,22.29,13.47
P100810,Home Decor,225,225,161.03,Normal,3.0,165.24,137.04
P100811,Electronics,146,179,852.3,Festival,4.1,752.23,700.4
P100812,Electronics,216,1334,810.15,Summer,4.1,722.97,549.43
P100813,Home Decor,113,407,161.21,Normal,3.3,168.69,125.23
P100814,Grocery,786,1148,23.91,Normal,4.9,26.17,20.71
P100815,Electronics,504,944,822.93,Festival,2.7,825.73,591.76
P100816,Home Decor,678,1054,224.97,Normal,4.4,209.54,174.05
P100817,Home Decor,999,403,222.06,Winter,3.7,219.8,203.04
P100818,Grocery,654,473,31.34,Summer,3.5,34.08,27.3
P100819,Grocery,489,834,29.42,Winter,2.6,26.75,20.76
P100820,Clothing,281,38,101.53,Winter,4.3,104.7,97.53
P100821,Electronics,759,470,674.72,Normal,4.4,721.68,642.36
P100822,Grocery,516,763,21.83,Normal,3.3,21.67,16.77
P100823,Clothing,761,310,90.01,Normal,3.8,93.82,85.14
P100824,Footwear,42,432,133.32,Summer,4.0,149.12,108.65
P100825,Home Decor,179,1475,196.28,Winter,3.4,184.0,128.87
P100826,Electronics,147,438,628.16,Summer,4.0,575.69,514.14
P100827,Grocery,687,1354,28.93,Normal,3.6,25.93,20.28
P100828,Clothing,527,1391,99.45,Winter,4.7,107.02,76.4
P100829,Home Decor,330,1012,207.43,Festival,4.3,232.97,157.12
P100830,Clothing,323,233,97.52,Normal,2.8,103.99,84.75
P100831,Grocery,614,312,24.47,Normal,4.5,27.99,24.85
P100832,Grocery,966,1401,22.96,Winter,3.3,24.59,20.37
P100833,Clothing,995,7,75.61,Winter,4.8,72.42,86.49
P100834,Footwear,482,758,146.22,Festival,4.0,138.77,103.51
P100835,Footwear,677,896,120.97,Festival,2.6,128.23,92.27
P100836,Grocery,101,1258,29.07,Summer,4.3,30.89,20.34
P100837,Footwear,946,1343,139.43,Normal,2.8,142.41,110.69
P100838,Home Decor,37,428,224.35,Festival,4.7,229.35,171.97
P100839,Clothing,355,756,102.11,Winter,4.9,101.34,74.42
P100840,Grocery,730,952,31.68,Summer,4.2,30.87,25.29
P100841,Electronics,970,1447,697.58,Winter,3.8,733.3,584.27
P100842,Footwear,188,837,109.18,Winter,4.0,118.11,78.53
P100843,Grocery,667,187,24.37,Winter,3.6,26.79,24.39
P100844,Clothing,204,1386,104.1,Festival,2.7,100.26,63.06
P100845,Electronics,69,771,685.2,Winter,4.8,761.66,504.1
P100846,Home Decor,435,273,200.62,Normal,3.3,192.94,180.52
P100847,Clothing,585,289,88.54,Normal,3.3,85.2,75.99
P100848,Footwear,278,310,133.53,Summer,3.0,146.56,109.72
P100849,Electronics,973,1083,594.43,Summer,5.0,678.68,536.39
P100850,Home Decor,624,1423,169.73,Normal,4.9,192.08,148.61
P100851,Electronics,449,664,638.61,Normal,3.4,581.13,504.74
P100852,Electronics,495,151,763.42,Normal,3.2,731.28,694.53
P100853,Home Decor,474,1333,206.42,Summer,4.5,224.0,154.55
P100854,Home Decor,129,953,209.37,Winter,3.6,229.82,146.95
P100855,Electronics,614,858,742.49,Summer,4.9,754.48,616.43
P100856,Grocery,789,95,25.91,Normal,4.8,22.91,26.29
P100857,Footwear,432,1456,118.53,Festival,4.4,120.36,91.55
P100858,Home Decor,437,120,192.54,Festival,2.7,171.05,169.67
P100859,Clothing,912,917,83.1,Festival,4.3,79.44,64.76
P100860,Grocery,618,897,22.46,Winter,5.0,23.75,19.49
P100861,Footwear,311,773,135.56,Festival,3.4,124.22,95.26
P100862,Footwear,23,829,143.22,Summer,4.7,153.58,94.8
P100863,Footwear,826,599,123.12,Festival,3.5,129.0,102.2
P100864,Grocery,633,861,21.7,Normal,4.9,21.61,17.38
P100865,Electronics,633,548,567.73,Normal,4.1,556.65,507.99
P100866,Home Decor,297,713,178.59,Winter,2.7,201.27,129.24
P100867,Home Decor,202,1018,163.25,Normal,3.7,168.04,121.05
P100868,Footwear,504,1114,99.12,Normal,2.6,111.02,77.18
P100869,Electronics,762,234,628.59,Summer,3.5,623.16,613.03
P100870,Electronics,311,1488,835.81,Summer,4.8,869.7,622.12
P100871,Footwear,536,149,136.6,Festival,3.1,155.42,132.95
P100872,Electronics,996,417,627.57,Winter,4.9,573.29,608.42
P100873,Home Decor,234,523,191.55,Summer,2.7,182.15,143.01
P100874,Clothing,246,488,75.69,Summer,4.2,85.35,65.37
P100875,Footwear,251,531,131.1,Summer,4.9,130.3,105.05
P100876,Home Decor,914,487,189.33,Winter,4.1,180.51,169.06
P100877,Clothing,538,656,113.81,Festival,4.7,130.8,96.87
P100878,Clothing,919,1146,100.45,Summer,5.0,91.16,79.2
P100879,Grocery,948,1242,28.17,Normal,4.1,29.44,24.24
P100880,Grocery,432,525,24.19,Winter,4.5,26.43,20.71
P100881,Clothing,73,391,86.82,Winter,2.6,94.84,69.65
P100882,Grocery,317,1016,24.5,Summer,3.6,24.48,18.94
P100883,Home Decor,552,94,209.39,Normal,3.2,186.75,188.69
P100884,Grocery,393,671,20.81,Normal,4.6,23.04,17.2
P100885,Electronics,22,333,847.44,Festival,4.2,929.42,684.75
P100886,Clothing,989,913,79.02,Summer,4.0,74.6,65.05
P100887,Clothing,317,122,87.08,Winter,4.8,84.63,82.75
P100888,Electronics,626,1244,641.98,Summer,2.7,653.79,483.22
P100889,Electronics,947,408,634.96,Normal,4.9,578.33,603.77
P100890,Footwear,553,773,137.19,Summer,2.8,151.13,108.52
P100891,Clothing,700,860,86.09,Normal,3.4,97.19,68.59
P100892,Home Decor,55,715,196.46,Festival,4.1,189.23,132.55
P100893,Clothing,702,674,79.18,Festival,3.4,89.43,68.23
P100894,Electronics,850,404,772.26,Normal,4.2,846.58,749.41
P100895,Footwear,919,1159,127.52,Summer,4.4,137.27,112.8
P100896,Home Decor,102,776,195.49,Normal,4.6,223.19,153.57
P100897,Clothing,243,327,84.88,Summer,2.9,82.13,69.43
P100898,Electronics,66,397,705.99,Normal,3.0,795.81,560.85
P100899,Electronics,919,660,835.72,Festival,2.6,757.64,604.22
P100900,Grocery,289,1266,21.28,Summer,3.7,21.47,15.34
P100901,Grocery,540,1442,26.23,Normal,2.8,26.99,19.5
P100902,Clothing,486,586,85.36,Summer,3.3,77.95,62.87
P100903,Electronics,694,595,576.57,Summer,4.6,622.17,497.72
P100904,Grocery,897,198,28.52,Normal,4.9,28.75,29.62
P100905,Home Decor,337,820,175.81,Winter,4.6,176.33,136.67
P100906,Grocery,794,363,21.09,Normal,2.5,21.87,19.65
P100907,Grocery,305,1230,34.38,Festival,3.9,31.5,23.74
P100908,Electronics,213,804,914.27,Festival,2.9,853.93,595.67
P100909,Clothing,124,336,78.31,Winter,3.4,72.74,65.08
P100910,Clothing,384,1374,91.93,Summer,3.6,104.53,73.5
P100911,Footwear,569,1224,98.66,Normal,4.9,107.41,91.97
P100912,Home Decor,784,454,209.52,Summer,4.1,214.31,191.78
P100913,Home Decor,851,184,216.62,Festival,3.2,229.2,210.95
P100914,Home Decor,536,400,221.47,Winter,4.1,233.77,194.74
P100915,Home Decor,420,568,188.7,Winter,4.9,179.42,161.03
P100916,Home Decor,191,612,206.23,Festival,2.6,186.31,136.83
P100917,Electronics,915,1234,768.0,Normal,4.5,790.91,657.86
P100918,Electronics,408,1451,543.8,Normal,3.0,517.17,397.86
P100919,Clothing,769,1122,72.04,Normal,2.9,80.38,59.5
P100920,Grocery,633,1268,26.43,Winter,4.7,24.94,20.09
P100921,Electronics,932,192,741.66,Winter,2.5,767.37,698.65
P100922,Home Decor,973,228,152.44,Summer,4.4,151.43,162.6
P100923,Grocery,712,1362,26.68,Normal,2.7,28.83,21.42
P100924,Grocery,668,922,26.04,Winter,4.0,29.6,20.91
P100925,Electronics,154,357,836.72,Festival,4.1,829.29,696.5
P100926,Clothing,35,1188,99.7,Summer,4.7,88.93,64.42
P100927,Electronics,555,266,656.22,Normal,4.6,694.67,621.97
P100928,Home Decor,710,1153,190.52,Normal,4.2,174.31,147.75
P100929,Grocery,751,1325,25.47,Normal,3.5,23.14,19.8
P100930,Footwear,265,735,107.65,Summer,2.9,113.96,79.47
P100931,Clothing,513,986,92.88,Normal,4.1,84.32,67.6
P100932,Clothing,864,1099,101.81,Winter,3.7,93.14,80.13
P100933,Clothing,113,1321,99.13,Winter,2.7,98.98,64.51
P100934,Footwear,396,877,156.13,Winter,4.9,156.47,113.95
P100935,Footwear,945,443,129.9,Winter,3.3,146.36,119.85
P100936,Electronics,215,306,844.08,Festival,2.5,805.72,671.25
P100937,Home Decor,330,536,165.45,Summer,4.8,163.5,136.95
P100938,Electronics,478,88,854.38,Winter,3.9,915.07,816.07
P100939,Home Decor,694,1049,227.19,Festival,4.3,250.66,186.28
P100940,Electronics,270,557,606.13,Normal,2.9,590.53,496.35
P100941,Clothing,796,1068,93.3,Normal,3.5,98.01,73.99
P100942,Home Decor,251,97,227.73,Festival,4.1,238.79,208.64
P100943,Electronics,380,486,822.39,Summer,3.1,791.03,629.49
P100944,Clothing,581,595,92.09,Normal,4.3,83.99,72.08
P100945,Clothing,31,135,98.65,Summer,3.1,104.99,82.44
P100946,Clothing,771,1244,89.47,Winter,3.0,85.21,66.35
P100947,Footwear,675,898,128.85,Summer,2.5,124.46,96.94
P100948,Home Decor,838,1267,206.22,Normal,3.2,213.34,161.17
P100949,Home Decor,289,1203,165.07,Winter,3.1,152.43,121.9
P100950,Clothing,409,55,79.6,Festival,4.4,75.24,77.5
P100951,Grocery,900,1298,32.94,Winter,3.9,32.95,25.66
P100952,Clothing,85,108,102.95,Winter,2.9,115.01,91.62
P100953,Clothing,501,1307,104.38,Winter,3.9,113.62,78.49
P100954,Electronics,494,1006,566.94,Summer,3.1,547.53,422.86
P100955,Home Decor,458,1230,178.55,Winter,3.6,171.69,131.86
P100956,Home Decor,445,752,256.51,Festival,4.7,294.11,204.09
P100957,Footwear,752,244,121.56,Festival,4.3,128.42,123.54
P100958,Grocery,213,228,26.11,Summer,4.1,27.81,24.34
P100959,Grocery,893,182,24.17,Normal,3.2,21.63,23.37
P100960,Grocery,898,1209,31.76,Winter,2.8,28.85,24.02
P100961,Grocery,195,802,26.85,Summer,4.4,25.76,19.14
P100962,Clothing,974,328,77.86,Summer,3.9,86.21,81.94
P100963,Electronics,276,191,801.86,Festival,4.1,902.8,754.32
P100964,Electronics,70,121,598.29,Winter,4.9,557.36,530.96
P100965,Home Decor,410,390,204.2,Normal,3.4,219.07,174.76
P100966,Grocery,799,1125,28.78,Winter,4.5,32.11,24.65
P100967,Home Decor,847,1339,194.09,Normal,3.9,216.86,167.11
P100968,Electronics,652,914,694.7,Winter,3.1,697.39,544.28
P100969,Grocery,814,1493,27.92,Festival,2.6,26.52,20.85
P100970,Electronics,276,594,551.27,Normal,4.0,627.46,488.78
P100971,Clothing,881,502,104.07,Winter,3.2,99.35,85.7
P100972,Electronics,642,1040,668.91,Summer,4.2,634.28,492.29
P100973,Electronics,150,206,792.5,Festival,4.3,741.41,662.82
P100974,Home Decor,146,1367,176.68,Normal,3.6,180.89,130.36
P100975,Clothing,281,1171,99.58,Normal,3.8,90.51,65.2
P100976,Grocery,88,56,29.93,Summer,4.1,30.95,26.1
P100977,Grocery,297,284,21.53,Normal,3.7,24.43,19.16
P100978,Clothing,993,943,91.71,Winter,4.7,93.21,78.84
P100979,Grocery,255,1109,26.48,Summer,2.7,30.21,18.15
P100980,Electronics,643,331,754.74,Normal,4.9,848.74,746.02
P100981,Home Decor,977,1121,265.25,Festival,2.6,290.17,204.11
P100982,Footwear,268,713,161.43,Festival,3.0,168.56,109.39
P100983,Footwear,702,1014,143.03,Normal,4.3,159.88,113.0
P100984,Grocery,461,638,27.46,Winter,2.7,28.28,20.85
P100985,Electronics,299,684,637.42,Normal,3.2,596.59,446.57
P100986,Home Decor,951,588,209.23,Winter,2.9,236.39,182.93
P100987,Clothing,663,239,94.12,Summer,4.3,95.59,90.76
P100988,Electronics,449,289,632.39,Winter,3.9,711.5,610.79
P100989,Clothing,815,255,82.92,Normal,2.7,81.77,79.39
P100990,Footwear,902,1204,123.04,Festival,3.7,119.43,99.44
P100991,Grocery,785,637,23.51,Summer,3.0,25.55,19.36
P100992,Footwear,871,572,143.9,Normal,4.9,151.29,131.0
P100993,Footwear,335,1284,105.87,Normal,2.8,105.73,78.64
P100994,Electronics,357,1331,759.77,Normal,4.0,848.83,568.07
P100995,Home Decor,248,354,208.2,Festival,3.7,212.25,171.18
P100996,Clothing,702,535,93.73,Winter,3.9,82.81,80.84
P100997,Grocery,807,620,35.74,Festival,4.9,38.14,29.77
P100998,Electronics,667,1260,751.26,Normal,3.4,673.92,553.86
P100999,Home Decor,607,1009,211.53,Normal,4.4,213.62,167.93
P101000,Clothing,775,818,74.58,Normal,3.6,69.5,57.94
P101001,Electronics,197,356,672.13,Winter,4.2,635.39,553.4
P101002,Clothing,378,581,93.53,Summer,3.4,107.05,74.21
P101003,Electronics,712,48,885.28,Festival,3.1,806.17,825.31
P101004,Electronics,71,1057,776.43,Summer,2.7,842.11,531.79
P101005,Grocery,912,1378,29.31,Summer,2.8,30.84,22.88
P101006,Clothing,187,1181,86.81,Festival,4.9,80.96,67.87
P101007,Home Decor,791,467,200.57,Festival,4.5,227.15,188.37
P101008,Clothing,624,726,98.01,Normal,3.1,91.58,73.66
P101009,Footwear,850,1436,126.98,Normal,3.8,129.42,104.26
P101010,Grocery,779,641,28.61,Normal,4.3,31.28,24.71
P101011,Grocery,525,1259,26.94,Normal,3.4,29.26,21.49
P101012,Grocery,760,868,30.44,Normal,3.6,29.41,22.05
P101013,Grocery,359,750,30.73,Summer,4.3,34.01,23.36
P101014,Home Decor,592,879,198.04,Festival,3.1,225.72,150.56
P101015,Clothing,916,339,98.92,Summer,3.8,99.7,92.12
P101016,Electronics,103,641,635.37,Summer,3.0,671.03,454.54
P101017,Footwear,368,460,124.79,Summer,2.5,122.1,94.96
P101018,Home Decor,36,1137,213.49,Normal,4.2,208.28,135.94
P101019,Electronics,543,920,623.56,Normal,4.3,627.82,496.05
P101020,Clothing,786,602,75.6,Normal,5.0,70.55,66.29
P101021,Home Decor,57,1234,199.35,Normal,3.0,212.54,133.2
P101022,Footwear,558,682,149.98,Normal,4.3,138.69,115.37
P101023,Home Decor,426,1430,162.48,Summer,4.9,143.21,125.34
P101024,Grocery,787,909,28.04,Normal,4.1,28.0,22.08
P101025,Grocery,235,1329,26.16,Normal,4.9,23.56,20.59
P101026,Clothing,179,1480,79.73,Normal,5.0,82.27,61.6
P101027,Home Decor,112,493,211.81,Summer,4.5,216.15,176.59
P101028,Clothing,419,394,87.23,Summer,5.0,79.99,74.24
P101029,Footwear,497,1254,139.57,Normal,4.1,132.09,102.92
P101030,Clothing,920,351,93.92,Summer,3.7,83.27,82.15
P101031,Grocery,476,1129,32.96,Winter,4.8,34.29,24.75
P101032,Footwear,188,269,148.66,Winter,4.6,142.57,123.61
P101033,Grocery,705,1305,21.85,Summer,2.8,23.44,19.36
P101034,Home Decor,80,1035,214.18,Summer,3.3,224.9,141.28
P101035,Clothing,358,783,87.95,Normal,3.2,86.27,61.5
P101036,Grocery,660,676,21.47,Normal,4.6,19.02,16.75
P101037,Clothing,268,957,86.43,Normal,3.1,83.53,60.5
P101038,Clothing,602,585,96.91,Winter,3.3,93.78,73.9
P101039,Clothing,464,599,74.55,Summer,3.8,72.31,61.87
P101040,Electronics,952,310,693.83,Winter,2.7,789.18,653.63
P101041,Electronics,301,240,725.7,Winter,4.9,670.86,640.6
P101042,Footwear,908,1337,123.31,Summer,3.7,117.5,93.09
P101043,Grocery,633,1125,29.92,Normal,3.0,33.05,22.46
P101044,Footwear,754,667,107.12,Normal,3.2,121.02,91.45
P101045,Electronics,185,1248,883.41,Festival,4.5,889.09,603.66
P101046,Clothing,38,913,97.91,Winter,4.1,100.44,65.4
P101047,Electronics,736,900,697.72,Winter,3.7,623.95,540.98
P101048,Footwear,490,173,130.02,Summer,3.3,142.79,130.32
P101049,Home Decor,322,809,169.05,Winter,4.8,175.91,132.62
P101050,Clothing,898,166,85.33,Festival,4.4,86.13,87.32
P101051,Footwear,339,1027,133.38,Winter,4.3,128.27,96.63
P101052,Electronics,444,105,703.04,Festival,3.6,702.91,658.24
P101053,Clothing,729,773,93.34,Normal,5.0,100.67,78.91
P101054,Electronics,962,554,726.39,Summer,4.3,655.07,634.97
P101055,Clothing,901,200,69.57,Summer,3.6,70.74,69.53
P101056,Footwear,659,711,120.37,Summer,4.9,107.05,98.91
P101057,Home Decor,128,305,220.46,Summer,4.7,239.98,194.8
P101058,Electronics,127,370,720.44,Festival,4.3,675.04,601.68
P101059,Grocery,699,1335,28.24,Normal,4.4,31.74,22.88
P101060,Footwear,519,527,103.24,Normal,3.6,104.12,89.38
P101061,Home Decor,150,608,259.16,Festival,3.8,260.05,178.41
P101062,Grocery,701,14,26.85,Winter,3.0,26.24,26.73
P101063,Clothing,943,454,84.99,Summer,4.0,86.64,80.37
P101064,Grocery,84,529,28.22,Winter,3.4,27.41,20.2
P101065,Clothing,829,1080,82.79,Winter,3.4,80.9,65.72
P101066,Home Decor,357,183,203.74,Normal,4.9,190.05,187.16
P101067,Clothing,409,1395,78.0,Festival,2.9,75.91,55.08
P101068,Footwear,722,196,109.97,Summer,4.6,120.88,121.27
P101069,Electronics,261,980,620.92,Winter,3.2,587.6,430.66
P101070,Clothing,173,11,90.08,Summer,2.6,99.24,82.68
P101071,Home Decor,964,1230,216.53,Normal,2.6,240.9,166.64
P101072,Grocery,361,1046,21.82,Summer,3.6,23.13,17.03
P101073,Clothing,186,1257,97.77,Summer,3.6,86.85,63.13
P101074,Home Decor,696,1397,217.36,Summer,3.3,224.2,169.13
P101075,Home Decor,232,1251,153.53,Normal,4.2,169.64,113.19
P101076,Clothing,780,934,83.22,Festival,3.7,81.45,66.29
P101077,Grocery,89,1258,28.63,Festival,2.7,27.38,17.07
P101078,Grocery,528,148,23.04,Winter,3.4,22.27,22.42
P101079,Grocery,414,969,29.51,Summer,2.8,29.34,20.48
P101080,Clothing,957,1484,82.94,Normal,2.7,74.56,64.1
P101081,Clothing,530,568,82.12,Summer,3.0,77.54,63.05
P101082,Home Decor,926,1463,209.82,Summer,4.3,221.29,170.06
P101083,Home Decor,263,762,200.92,Festival,4.2,202.44,142.73
P101084,Home Decor,483,705,221.51,Summer,4.7,209.72,167.72
P101085,Home Decor,817,453,204.16,Summer,4.4,230.98,197.16
P101086,Footwear,177,166,116.28,Normal,3.8,111.6,103.92
P101087,Footwear,929,1315,148.98,Festival,3.3,136.31,109.96
P101088,Footwear,777,1082,118.49,Winter,2.5,110.65,94.2
P101089,Grocery,683,603,32.95,Winter,4.1,31.64,26.49
P101090,Clothing,258,1442,80.58,Normal,3.2,82.28,56.0
P101091,Clothing,821,279,99.34,Summer,3.1,89.2,88.8
P101092,Grocery,845,1169,31.94,Summer,4.9,35.48,26.99
P101093,Clothing,306,681,99.16,Festival,2.9,110.75,72.14
P101094,Clothing,595,938,107.04,Festival,2.6,103.4,74.12
P101095,Grocery,79,60,26.65,Normal,4.9,29.03,26.19
P101096,Clothing,406,918,72.87,Winter,3.3,75.93,58.41
P101097,Electronics,167,1020,823.18,Summer,3.5,912.3,542.57
P101098,Footwear,565,1466,143.92,Festival,2.7,137.41,105.16
P101099,Home Decor,557,522,255.82,Festival,3.5,267.28,205.66
P101100,Electronics,542,114,737.73,Summer,4.9,663.68,712.88
P101101,Electronics,683,97,663.63,Festival,4.2,585.69,674.2
P101102,Clothing,926,228,82.35,Summer,3.7,91.91,80.7
P101103,Footwear,212,452,108.51,Normal,3.3,104.11,89.14
P101104,Home Decor,230,1247,160.75,Normal,3.4,160.79,121.88
P101105,Electronics,231,296,776.84,Winter,4.0,732.23,629.95
P101106,Footwear,929,221,99.95,Normal,3.1,111.62,102.45
P101107,Electronics,110,52,803.04,Normal,2.9,790.05,710.58
P101108,Clothing,50,578,83.51,Summer,4.2,77.53,57.34
P101109,Home Decor,177,907,196.64,Winter,4.7,205.32,145.6
P101110,Electronics,773,425,727.69,Festival,4.8,680.74,676.96
P101111,Electronics,588,745,573.64,Summer,4.6,545.18,465.34
P101112,Clothing,921,368,90.99,Winter,3.8,96.6,88.52
P101113,Grocery,220,1201,25.66,Winter,4.5,29.22,19.44
P101114,Home Decor,406,43,195.9,Normal,4.8,212.32,202.92
P101115,Home Decor,564,305,202.05,Winter,2.6,184.58,166.12
P101116,Electronics,91,851,593.63,Normal,3.5,572.49,401.43
P101117,Electronics,920,1264,701.75,Winter,3.0,768.43,571.79
P101118,Footwear,808,604,117.72,Summer,5.0,112.34,99.17
P101119,Clothing,160,109,73.85,Normal,4.8,79.74,73.42
P101120,Home Decor,846,829,213.39,Summer,4.5,214.97,161.4
P101121,Footwear,459,409,101.98,Summer,3.2,114.1,93.77
P101122,Electronics,349,460,644.64,Winter,4.9,629.8,559.16
P101123,Home Decor,947,1383,188.71,Normal,2.6,213.68,151.23
P101124,Electronics,528,1412,706.05,Winter,3.0,698.99,493.88
P101125,Clothing,242,391,100.88,Summer,4.0,108.56,82.88
P101126,Grocery,813,889,31.34,Winter,4.5,29.23,24.72
P101127,Grocery,721,813,30.29,Winter,4.7,31.0,24.36
P101128,Footwear,208,1442,128.67,Summer,3.3,124.01,84.69
P101129,Grocery,683,1419,29.63,Festival,3.5,26.18,21.54
P101130,Home Decor,636,528,154.94,Summer,3.6,154.64,136.53
P101131,Home Decor,289,43,223.87,Winter,2.6,207.43,193.35
P101132,Grocery,442,8,29.65,Festival,4.7,33.77,30.42
P101133,Electronics,842,11,622.71,Normal,3.3,683.93,687.95
P101134,Footwear,190,1172,137.48,Winter,3.0,148.44,98.18
P101135,Home Decor,727,1111,218.33,Winter,3.5,218.85,168.33
P101136,Clothing,834,1241,88.61,Winter,4.3,84.17,71.19
P101137,Grocery,938,213,22.11,Normal,4.7,21.39,24.59
P101138,Clothing,338,92,100.22,Summer,3.0,93.73,87.3
P101139,Electronics,281,259,581.48,Summer,2.9,598.35,499.11
P101140,Footwear,935,939,157.34,Winter,4.9,172.92,130.82
P101141,Clothing,473,18,83.25,Summer,3.9,77.47,81.25
P101142,Footwear,577,993,151.66,Summer,3.4,133.65,101.81
P101143,Home Decor,522,1333,224.95,Summer,3.0,205.58,154.23
P101144,Footwear,524,222,140.85,Festival,5.0,141.48,135.86
P101145,Clothing,632,1109,109.88,Festival,4.3,97.25,81.64
P101146,Clothing,434,831,81.05,Festival,3.0,80.15,55.49
P101147,Footwear,404,1416,102.67,Normal,2.7,93.43,73.69
P101148,Footwear,412,368,123.77,Winter,3.0,112.52,100.79
P101149,Grocery,663,344,27.06,Normal,3.1,29.01,24.68
P101150,Home Decor,821,29,148.32,Normal,2.8,170.55,166.76
P101151,Electronics,564,1059,676.99,Normal,3.1,631.3,491.25
P101152,Home Decor,683,1301,223.12,Normal,2.8,210.17,166.25
P101153,Electronics,424,33,819.31,Winter,3.4,786.57,775.02
P101154,Electronics,778,740,633.85,Winter,3.7,692.16,560.61
P101155,Grocery,405,1087,27.75,Winter,3.6,28.21,20.23
P101156,Electronics,432,1173,598.34,Summer,4.6,618.73,465.49
P101157,Electronics,74,1395,642.98,Winter,3.1,660.69,424.17
P101158,Electronics,276,1085,814.71,Summer,4.7,923.14,605.12
P101159,Clothing,743,1381,102.92,Summer,4.8,91.54,79.48
P101160,Footwear,105,1490,110.92,Normal,4.9,102.34,82.05
P101161,Electronics,239,1391,592.27,Normal,3.0,582.31,429.52
P101162,Grocery,781,659,29.06,Festival,3.1,29.4,22.7
P101163,Footwear,875,613,128.69,Winter,4.1,117.21,105.63
P101164,Electronics,426,644,658.38,Festival,2.9,738.14,549.89
P101165,Electronics,418,1426,574.28,Normal,2.7,610.48,416.86
P101166,Home Decor,519,426,212.97,Festival,2.7,241.02,187.68
P101167,Footwear,774,1129,130.45,Festival,4.0,147.93,109.49
P101168,Grocery,479,939,31.36,Winter,4.5,31.93,23.05
P101169,Footwear,189,97,145.41,Winter,3.1,161.45,127.34
P101170,Electronics,442,731,682.91,Normal,4.8,736.8,532.24
P101171,Clothing,269,296,80.48,Normal,4.5,78.66,71.82
P101172,Footwear,690,1094,149.76,Winter,2.7,158.36,108.75
P101173,Clothing,159,673,75.59,Winter,3.5,85.96,60.87
P101174,Footwear,616,537,152.84,Winter,2.7,166.03,123.01
P101175,Grocery,147,103,22.29,Winter,4.8,23.88,22.32
P101176,Footwear,972,200,146.05,Normal,4.4,137.27,147.65
P101177,Grocery,647,1147,21.99,Normal,4.2,24.29,19.45
P101178,Clothing,156,1294,99.15,Winter,4.2,97.68,67.24
P101179,Electronics,959,440,570.33,Winter,3.2,597.99,549.39
P101180,Electronics,582,1242,806.46,Winter,4.8,857.26,611.28
P101181,Footwear,614,830,132.39,Summer,4.8,134.92,105.39
P101182,Electronics,81,529,635.22,Festival,4.3,587.39,500.76
P101183,Electronics,203,679,749.39,Normal,3.7,800.58,552.37
P101184,Electronics,811,1037,561.39,Normal,2.6,531.49,475.19
P101185,Electronics,478,1364,704.42,Summer,2.6,670.36,502.41
P101186,Footwear,623,741,115.53,Normal,2.8,105.62,83.4
P101187,Clothing,987,523,91.72,Normal,4.0,96.06,84.89
P101188,Home Decor,439,1142,226.46,Winter,4.5,206.46,155.43
P101189,Electronics,393,790,782.06,Festival,4.9,761.11,565.35
P101190,Grocery,806,588,33.8,Festival,2.9,37.87,27.31
P101191,Clothing,84,692,97.13,Normal,3.2,97.36,65.72
P101192,Clothing,465,805,91.99,Summer,2.6,103.17,67.41
P101193,Home Decor,857,214,177.7,Summer,5.0,180.01,192.77
P101194,Home Decor,243,91,216.48,Festival,4.5,200.96,194.37
P101195,Home Decor,317,998,170.36,Summer,3.7,184.83,124.29
P101196,Electronics,483,266,700.79,Winter,3.9,683.57,656.92
P101197,Clothing,92,799,74.06,Normal,3.9,84.5,49.06
P101198,Grocery,89,1173,30.05,Summer,3.1,28.57,19.46
P101199,Clothing,266,326,91.78,Winter,3.0,101.14,77.93
P101200,Footwear,899,575,131.08,Normal,3.2,132.82,111.97
P101201,Grocery,237,1467,25.59,Festival,3.1,28.34,18.82
P101202,Grocery,736,57,24.21,Festival,3.9,22.5,24.83
P101203,Footwear,437,1134,164.16,Festival,3.3,172.55,118.47
P101204,Footwear,765,255,130.17,Summer,4.3,118.53,121.39
P101205,Electronics,343,1358,817.17,Summer,3.9,896.84,576.02
P101206,Electronics,877,620,683.16,Normal,3.8,644.65,571.77
P101207,Grocery,383,15,24.18,Winter,4.9,24.07,24.12
P101208,Grocery,795,1078,29.69,Winter,3.3,31.38,22.75
P101209,Clothing,834,225,92.41,Summer,4.1,93.25,93.46
P101210,Clothing,443,548,67.85,Normal,2.5,73.98,59.35
P101211,Footwear,673,755,138.22,Summer,4.3,147.31,113.53
P101212,Footwear,136,1119,109.37,Normal,3.8,100.09,78.85
P101213,Grocery,506,631,24.63,Winter,3.0,26.82,19.8
P101214,Clothing,385,1287,78.68,Festival,2.5,78.24,57.73
P101215,Clothing,955,725,92.41,Winter,4.3,96.24,78.51
P101216,Grocery,935,514,29.22,Summer,4.2,27.42,26.92
P101217,Clothing,787,508,86.76,Festival,4.2,86.26,74.99
P101218,Grocery,950,1201,29.02,Normal,3.6,31.94,24.45
P101219,Footwear,976,998,141.85,Summer,4.1,160.31,117.13
P101220,Electronics,772,194,686.38,Winter,3.9,777.98,722.01
P101221,Electronics,601,1126,585.19,Winter,3.1,625.59,432.72
P101222,Electronics,220,625,629.65,Summer,3.8,567.51,442.59
P101223,Home Decor,819,526,189.28,Festival,3.8,189.18,160.51
P101224,Grocery,210,150,31.73,Summer,4.6,29.58,27.84
P101225,Electronics,201,1497,898.64,Festival,3.6,960.07,624.76
P101226,Home Decor,882,83,158.28,Summer,3.6,146.18,177.05
P101227,Grocery,132,1494,30.7,Festival,5.0,35.12,22.74
P101228,Grocery,159,101,24.77,Winter,4.7,23.1,23.23
P101229,Home Decor,520,760,159.09,Winter,3.1,142.26,117.39
P101230,Electronics,592,161,660.47,Winter,4.8,731.64,699.16
P101231,Electronics,64,741,568.66,Normal,2.8,531.48,384.96
P101232,Grocery,390,1254,27.02,Festival,4.6,23.95,20.2
P101233,Electronics,240,887,624.27,Normal,3.0,641.74,426.37
P101234,Footwear,315,817,123.08,Summer,3.6,140.52,85.76
P101235,Electronics,197,182,703.77,Winter,5.0,670.14,640.79
P101236,Electronics,683,1421,698.75,Summer,2.7,692.01,490.34
P101237,Electronics,483,566,674.6,Winter,4.6,636.85,573.28
P101238,Clothing,960,809,82.74,Normal,3.7,85.28,67.45
P101239,Electronics,28,1347,649.79,Normal,2.8,628.45,408.87
P101240,Electronics,782,944,947.02,Festival,4.9,984.59,797.16
P101241,Home Decor,911,1103,180.35,Festival,3.9,181.98,148.75
P101242,Clothing,496,280,88.33,Summer,4.7,99.88,85.26
P101243,Clothing,705,692,74.43,Summer,4.7,78.96,65.73
P101244,Electronics,451,813,637.93,Normal,2.5,678.95,481.98
P101245,Clothing,603,267,86.93,Summer,3.2,87.92,81.42
P101246,Clothing,909,581,94.49,Summer,3.3,90.88,75.86
P101247,Grocery,539,1248,31.01,Normal,3.8,29.92,22.91
P101248,Electronics,586,1397,670.97,Normal,2.7,681.75,492.71
P101249,Home Decor,986,1235,197.64,Festival,3.5,184.16,152.11
P101250,Home Decor,506,1401,221.4,Winter,4.5,202.75,161.56
P101251,Electronics,189,1497,594.93,Normal,2.9,583.35,384.34
P101252,Electronics,689,301,695.19,Summer,4.3,636.26,655.21
P101253,Electronics,699,1283,815.84,Winter,3.7,768.77,599.95
P101254,Grocery,252,932,26.33,Winter,2.7,26.98,17.93
P101255,Electronics,734,1289,688.68,Normal,2.9,752.95,538.53
P101256,Home Decor,82,959,156.85,Normal,2.9,147.55,105.46
P101257,Footwear,333,191,119.52,Festival,4.0,130.72,117.08
P101258,Footwear,858,845,153.77,Summer,2.7,135.96,107.36
P101259,Grocery,625,1141,26.46,Festival,4.6,30.41,21.75
P101260,Home Decor,615,190,183.99,Winter,4.5,187.59,182.0
P101261,Electronics,628,759,674.06,Normal,2.7,679.78,484.88
P101262,Clothing,181,982,80.84,Summer,4.7,85.33,60.47
P101263,Clothing,962,699,71.02,Summer,4.9,71.61,62.57
P101264,Home Decor,312,1199,162.84,Normal,2.6,161.24,109.3
P101265,Grocery,790,194,27.35,Winter,4.9,26.81,28.09
P101266,Footwear,990,521,121.04,Normal,3.2,138.47,118.46
P101267,Electronics,256,1427,778.78,Summer,4.2,866.47,574.83
P101268,Home Decor,641,774,171.73,Normal,2.9,174.42,131.0
P101269,Grocery,61,275,31.53,Summer,4.5,34.86,26.92
P101270,Grocery,643,178,24.25,Summer,4.6,22.31,23.52
P101271,Home Decor,452,891,183.64,Winter,4.9,187.85,148.96
P101272,Clothing,90,1396,101.2,Summer,5.0,101.36,70.8
P101273,Clothing,678,78,111.52,Festival,2.7,107.92,98.22
P101274,Grocery,969,168,24.62,Summer,4.1,27.78,27.91
P101275,Electronics,101,565,662.79,Summer,3.2,732.23,521.08
P101276,Clothing,894,316,94.57,Normal,2.8,106.39,91.56
P101277,Electronics,846,186,573.77,Summer,2.9,603.33,541.92
P101278,Electronics,556,451,726.13,Festival,4.8,712.75,635.82
P101279,Home Decor,903,965,188.74,Normal,4.2,204.66,163.92
P101280,Grocery,323,1239,30.29,Summer,2.6,27.55,20.14
P101281,Clothing,725,463,85.02,Normal,5.0,94.4,81.62
P101282,Clothing,704,1052,87.4,Winter,4.5,77.59,68.63
P101283,Clothing,588,1235,104.62,Winter,3.3,115.18,78.93
P101284,Grocery,836,15,22.4,Summer,3.7,23.97,25.78
P101285,Home Decor,878,1279,207.98,Normal,4.3,187.99,163.39
P101286,Home Decor,790,279,185.77,Festival,4.2,170.85,177.0
P101287,Clothing,596,1029,107.15,Festival,3.7,107.38,80.57
P101288,Clothing,977,1126,84.28,Normal,3.8,80.99,67.6
P101289,Clothing,564,1268,79.19,Winter,2.6,88.23,58.43
P101290,Grocery,644,608,26.34,Normal,3.8,24.55,21.13
P101291,Grocery,205,990,29.95,Normal,3.4,29.73,20.75
P101292,Grocery,334,44,25.58,Normal,3.2,24.31,24.18
P101293,Grocery,906,673,20.57,Normal,3.2,18.81,17.82
P101294,Clothing,507,1446,67.55,Normal,4.1,64.18,52.5
P101295,Clothing,521,242,89.98,Summer,3.6,100.08,84.54
P101296,Clothing,819,231,88.92,Normal,3.6,95.43,87.03
P101297,Electronics,339,1051,645.3,Normal,2.9,727.15,482.99
P101298,Electronics,280,768,709.01,Festival,4.9,701.51,496.7
P101299,Footwear,28,685,143.46,Winter,3.1,135.56,94.16
P101300,Clothing,246,376,76.06,Normal,3.5,67.48,67.01
P101301,Electronics,521,261,570.3,Summer,3.0,578.11,504.59
P101302,Grocery,730,1107,29.39,Festival,4.3,26.17,22.28
P101303,Footwear,342,539,148.94,Festival,3.6,131.24,110.92
P101304,Clothing,455,1166,101.78,Summer,3.5,106.19,74.86
P101305,Footwear,237,667,128.96,Normal,4.7,119.22,92.32
P101306,Home Decor,820,598,168.64,Summer,4.4,173.89,153.87
P101307,Grocery,534,349,29.45,Normal,3.8,30.47,25.73
P101308,Footwear,160,989,113.44,Normal,3.7,122.0,78.45
P101309,Electronics,617,430,849.19,Winter,4.9,835.13,759.07
P101310,Home Decor,348,1364,172.78,Normal,4.9,184.94,138.94
P101311,Clothing,867,615,99.79,Summer,4.3,97.68,81.85
P101312,Home Decor,282,1223,215.63,Normal,4.4,195.45,147.27
P101313,Grocery,867,707,29.79,Normal,4.7,28.71,24.05
P101314,Electronics,703,625,560.33,Summer,4.9,494.23,452.04
P101315,Electronics,152,682,770.54,Normal,2.7,774.29,536.54
P101316,Footwear,764,665,160.03,Festival,5.0,172.81,137.95
P101317,Grocery,726,721,28.43,Festival,4.3,31.04,23.22
P101318,Electronics,466,1330,669.98,Normal,4.0,631.57,494.72
P101319,Footwear,177,1056,155.08,Festival,3.5,140.89,101.32
P101320,Home Decor,488,56,260.34,Festival,3.3,242.14,234.11
P101321,Grocery,616,92,29.75,Summer,4.5,34.08,30.33
P101322,Grocery,149,39,26.61,Winter,4.1,25.66,24.67
P101323,Electronics,354,1037,713.4,Normal,3.0,710.48,482.36
P101324,Footwear,707,312,111.23,Summer,4.0,100.15,105.57
P101325,Clothing,561,580,94.62,Festival,2.9,103.43,73.79
P101326,Home Decor,992,1242,215.11,Summer,3.7,215.35,167.42
P101327,Clothing,232,202,86.47,Normal,4.0,78.13,74.01
P101328,Grocery,782,234,34.13,Festival,4.1,34.39,32.36
P101329,Clothing,436,123,88.13,Winter,2.9,94.52,82.55
P101330,Electronics,238,431,677.61,Winter,2.7,682.84,517.43
P101331,Footwear,952,138,144.92,Winter,3.1,165.43,151.8
P101332,Grocery,630,945,21.51,Normal,4.0,23.99,18.18
P101333,Grocery,544,1106,36.6,Festival,4.8,37.3,28.22
P101334,Home Decor,309,280,234.26,Winter,4.4,265.64,212.36
P101335,Home Decor,883,788,215.74,Normal,4.4,237.11,177.68
P101336,Home Decor,49,458,229.01,Winter,3.3,224.3,161.27
P101337,Electronics,132,125,716.39,Winter,2.8,779.63,603.84
P101338,Grocery,196,703,27.4,Winter,4.7,27.86,20.53
P101339,Home Decor,659,1047,217.41,Summer,3.8,222.96,169.79
P101340,Clothing,120,346,75.34,Normal,2.8,76.89,59.39
P101341,Electronics,801,1183,770.55,Normal,3.8,845.29,626.27
P101342,Footwear,212,1488,108.77,Normal,4.2,122.69,83.13
P101343,Grocery,682,89,29.95,Normal,3.3,28.94,29.12
P101344,Grocery,799,249,27.9,Winter,2.5,29.38,26.69
P101345,Home Decor,881,437,225.64,Winter,4.1,236.84,197.48
P101346,Grocery,306,1275,30.45,Festival,2.6,34.09,22.08
P101347,Clothing,93,217,86.53,Normal,3.6,86.59,73.51
P101348,Clothing,761,707,97.48,Normal,4.6,90.79,75.82
P101349,Clothing,459,808,94.38,Festival,5.0,88.23,69.22
P101350,Electronics,949,198,594.57,Normal,3.4,531.45,591.95
P101351,Footwear,204,67,103.09,Normal,2.6,93.53,90.14
P101352,Home Decor,582,182,193.26,Normal,3.7,185.79,176.85
P101353,Clothing,136,89,86.62,Normal,3.2,78.63,72.22
P101354,Clothing,495,752,92.17,Winter,4.7,102.79,70.99
P101355,Home Decor,21,1405,159.51,Winter,4.3,155.96,118.99
P101356,Electronics,755,533,637.98,Festival,3.5,624.89,550.32
P101357,Grocery,612,388,31.93,Winter,4.4,34.63,30.43
P101358,Grocery,115,355,27.98,Normal,3.4,26.9,22.19
P101359,Footwear,509,1472,123.01,Festival,3.8,132.0,97.07
P101360,Electronics,439,1438,587.09,Winter,4.8,647.01,462.04
P101361,Footwear,680,974,113.16,Winter,3.0,110.58,86.0
P101362,Clothing,508,697,110.16,Festival,3.3,111.15,80.37
P101363,Grocery,469,243,33.36,Festival,4.7,32.26,29.56
P101364,Electronics,834,1393,732.85,Summer,3.7,728.64,569.73
P101365,Grocery,528,7,27.39,Normal,3.3,28.4,27.46
P101366,Grocery,817,250,31.52,Winter,2.6,30.71,28.66
P101367,Electronics,887,1019,663.77,Winter,3.5,667.3,513.6
P101368,Electronics,851,279,641.76,Summer,3.8,650.73,638.53
P101369,Electronics,956,166,769.25,Festival,3.5,682.03,749.25
P101370,Clothing,703,896,99.64,Normal,3.2,92.09,71.06
P101371,Electronics,570,44,688.09,Normal,3.4,706.1,673.11
P101372,Home Decor,539,408,195.63,Summer,4.1,172.29,166.35
P101373,Clothing,220,965,93.45,Normal,4.7,100.0,63.65
P101374,Footwear,831,281,107.59,Normal,4.1,120.98,112.85
P101375,Home Decor,699,1140,189.72,Winter,4.1,205.6,161.32
P101376,Electronics,875,146,733.63,Summer,4.5,707.82,709.12
P101377,Grocery,707,921,32.99,Winter,2.9,33.04,24.65
P101378,Home Decor,490,119,159.56,Normal,3.3,168.44,160.68
P101379,Grocery,309,1099,26.88,Winter,2.6,28.59,18.05
P101380,Clothing,985,1130,102.56,Winter,3.4,117.32,85.91
P101381,Clothing,738,1193,90.56,Normal,5.0,91.75,75.65
P101382,Electronics,877,426,704.55,Normal,3.3,667.47,605.87
P101383,Grocery,593,358,27.45,Festival,4.6,26.84,24.53
P101384,Home Decor,520,1467,162.09,Normal,2.7,183.01,126.32
P101385,Home Decor,53,1095,181.86,Summer,3.6,191.11,130.96
P101386,Electronics,87,278,604.3,Normal,3.4,672.8,518.6
P101387,Footwear,712,48,148.52,Winter,3.0,159.74,148.22
P101388,Clothing,240,534,93.1,Summer,3.4,106.2,72.59
P101389,Home Decor,100,999,212.24,Normal,4.1,215.5,146.33
P101390,Electronics,780,565,598.24,Summer,3.7,679.89,565.36
P101391,Home Decor,628,1212,176.74,Summer,4.6,197.81,147.85
P101392,Home Decor,128,752,244.36,Festival,4.8,270.66,173.83
P101393,Electronics,509,1486,613.43,Winter,3.7,695.36,489.65
P101394,Electronics,480,1306,590.91,Summer,5.0,603.85,463.39
P101395,Home Decor,23,709,209.15,Festival,2.7,226.0,136.29
P101396,Electronics,612,1252,585.11,Normal,3.2,602.63,476.89
P101397,Grocery,408,674,21.35,Normal,3.5,23.26,18.27
P101398,Home Decor,880,19,176.96,Summer,4.0,192.22,190.69
P101399,Grocery,133,465,35.3,Festival,3.9,38.29,27.72
P101400,Clothing,850,616,67.54,Normal,3.9,67.25,61.8
P101401,Clothing,26,1464,87.63,Summer,4.7,95.95,60.6
P101402,Electronics,768,1242,711.07,Summer,3.2,794.02,561.78
P101403,Home Decor,786,224,194.35,Summer,4.5,204.41,195.03
P101404,Clothing,419,5,97.93,Festival,3.9,98.2,98.21
P101405,Electronics,294,795,553.95,Summer,3.7,615.1,455.56
P101406,Clothing,159,802,67.23,Normal,3.2,73.3,47.66
P101407,Home Decor,353,1104,187.17,Normal,3.3,188.44,128.11
P101408,Electronics,676,392,827.75,Summer,3.5,858.02,737.95
P101409,Home Decor,730,1219,211.43,Festival,4.4,225.21,172.75
P101410,Footwear,197,622,126.46,Summer,3.7,134.78,99.81
P101411,Home Decor,30,505,230.32,Summer,2.9,222.02,156.37
P101412,Home Decor,570,633,207.9,Normal,4.4,199.38,168.29
P101413,Home Decor,589,1417,219.64,Winter,4.2,245.9,169.88
P101414,Home Decor,981,590,186.67,Normal,4.9,211.49,181.93
P101415,Electronics,766,843,925.08,Festival,3.8,914.5,695.4
P101416,Footwear,559,1338,132.24,Summer,4.1,148.98,110.86
P101417,Grocery,599,32,29.21,Winter,3.7,29.42,29.26
P101418,Grocery,652,807,29.84,Summer,4.2,27.6,22.14
P101419,Home Decor,462,1063,179.07,Normal,3.6,193.02,138.04
P101420,Home Decor,684,1356,221.38,Normal,2.8,197.56,155.68
P101421,Footwear,211,96,158.34,Winter,5.0,144.21,137.3
P101422,Grocery,833,1091,31.64,Festival,4.3,35.88,27.42
P101423,Clothing,864,1204,73.24,Normal,4.0,74.69,64.56
P101424,Clothing,446,529,92.26,Normal,3.7,87.82,72.29
P101425,Clothing,467,1120,78.98,Summer,4.3,79.75,62.23
P101426,Clothing,507,742,88.02,Summer,2.8,91.19,68.55
P101427,Electronics,821,988,573.95,Summer,3.3,604.09,493.96
P101428,Electronics,192,587,804.19,Winter,2.8,783.29,561.46
P101429,Footwear,354,269,156.76,Winter,2.8,154.35,128.47
P101430,Clothing,622,1243,70.91,Summer,2.6,72.92,51.05
P101431,Home Decor,699,328,216.48,Winter,4.4,227.13,207.47
P101432,Grocery,309,285,31.54,Winter,3.1,35.6,28.02
P101433,Electronics,134,1329,580.52,Summer,4.6,572.34,446.38
P101434,Electronics,517,1404,601.98,Normal,4.8,671.91,510.53
P101435,Electronics,645,915,758.18,Festival,2.9,870.52,592.71
P101436,Home Decor,771,872,225.11,Winter,4.3,218.7,170.1
P101437,Electronics,22,544,791.68,Festival,3.7,702.51,553.84
P101438,Grocery,37,919,23.29,Winter,4.8,24.3,16.64
P101439,Home Decor,398,915,167.44,Normal,3.7,188.2,133.14
P101440,Home Decor,572,777,216.85,Festival,3.4,193.96,150.04
P101441,Clothing,23,984,79.0,Festival,3.2,73.73,52.99
P101442,Electronics,189,833,709.36,Normal,4.8,753.74,546.37
P101443,Electronics,430,1319,540.08,Normal,3.1,593.33,427.55
P101444,Electronics,293,1003,751.25,Normal,4.6,678.68,534.21
P101445,Electronics,716,580,760.25,Summer,3.0,743.69,622.34
P101446,Grocery,54,984,30.7,Summer,4.1,28.99,21.4
P101447,Home Decor,890,349,159.81,Normal,3.6,182.26,163.05
P101448,Grocery,186,325,28.6,Winter,2.8,30.43,23.62
P101449,Grocery,451,1241,28.9,Normal,2.8,29.14,21.43
P101450,Electronics,986,875,677.15,Normal,3.2,753.56,579.43
P101451,Footwear,669,85,111.46,Winter,4.4,114.26,112.06
P101452,Grocery,998,535,22.86,Winter,4.3,25.74,22.05
P101453,Home Decor,39,1476,229.51,Festival,3.0,216.76,148.05
P101454,Home Decor,725,957,197.28,Winter,3.7,175.06,145.48
P101455,Clothing,94,1303,97.58,Normal,2.7,97.16,66.02
P101456,Electronics,619,824,766.06,Normal,4.3,716.38,605.06
P101457,Clothing,339,68,95.93,Winter,4.5,106.06,93.3
P101458,Clothing,781,273,99.39,Normal,4.7,101.77,94.69
P101459,Home Decor,141,142,237.61,Festival,4.7,227.61,204.62
P101460,Clothing,898,1103,68.78,Normal,3.3,74.89,57.76
P101461,Footwear,491,1136,105.47,Summer,3.1,107.82,84.99
P101462,Grocery,528,688,29.27,Normal,4.7,29.73,22.5
P101463,Electronics,579,1088,633.82,Normal,2.9,588.7,475.53
P101464,Clothing,54,829,103.24,Winter,2.6,118.59,71.76
P101465,Grocery,324,1111,25.69,Festival,3.3,27.18,19.25
P101466,Footwear,715,1010,108.66,Normal,4.4,120.7,93.93
P101467,Clothing,961,686,97.73,Winter,4.2,106.05,83.71
P101468,Clothing,984,981,94.75,Normal,5.0,96.25,83.88
P101469,Footwear,544,481,143.15,Normal,3.4,126.35,111.75
P101470,Electronics,272,1124,560.71,Normal,3.2,594.35,432.04
P101471,Home Decor,488,1370,187.78,Winter,3.4,170.35,133.83
P101472,Electronics,474,314,842.12,Festival,4.5,959.68,751.35
P101473,Electronics,409,1002,789.8,Normal,3.0,748.18,538.57
P101474,Grocery,374,170,27.22,Festival,4.9,26.66,25.59
P101475,Grocery,870,569,27.76,Summer,3.8,28.57,24.13
P101476,Grocery,402,1005,22.7,Summer,4.5,23.06,17.27
P101477,Clothing,48,419,91.31,Normal,4.6,96.5,75.24
P101478,Home Decor,726,357,166.92,Winter,3.7,182.2,165.1
P101479,Grocery,671,578,33.12,Winter,4.4,35.93,27.9
P101480,Grocery,390,176,22.78,Winter,3.4,25.63,21.96
P101481,Clothing,637,940,89.18,Normal,4.5,89.79,67.87
P101482,Electronics,942,201,795.19,Winter,4.6,814.46,822.07
P101483,Grocery,925,503,23.27,Normal,3.9,25.97,23.3
P101484,Clothing,793,472,74.37,Normal,3.0,71.11,67.85
P101485,Grocery,591,1451,26.91,Normal,4.9,25.47,20.51
P101486,Electronics,47,1487,709.22,Normal,4.9,625.86,511.88
P101487,Home Decor,521,123,215.57,Winter,4.0,232.68,209.03
P101488,Grocery,822,240,31.55,Festival,5.0,33.62,31.39
P101489,Home Decor,847,1099,165.94,Summer,3.8,158.42,128.34
P101490,Grocery,777,451,30.43,Normal,3.4,27.85,24.86
P101491,Electronics,986,967,614.34,Winter,3.7,547.68,501.04
P101492,Footwear,526,1381,127.57,Normal,2.6,129.06,91.75
P101493,Grocery,127,248,30.39,Normal,3.9,28.33,24.33
P101494,Footwear,506,1445,149.87,Summer,4.2,164.0,112.31
P101495,Clothing,332,83,71.38,Normal,2.8,81.12,67.71
P101496,Grocery,838,347,23.76,Summer,3.1,25.89,22.44
P101497,Home Decor,781,763,205.83,Winter,4.3,228.46,174.66
P101498,Grocery,436,1321,25.57,Winter,4.5,29.34,21.63
P101499,Clothing,400,833,96.19,Winter,5.0,103.88,77.91
P101500,Footwear,176,212,147.92,Festival,3.1,152.83,125.94
P101501,Footwear,62,377,112.13,Normal,4.6,123.2,95.71
P101502,Home Decor,326,1143,190.18,Winter,2.9,196.31,131.95
P101503,Clothing,256,844,105.46,Festival,2.8,105.12,71.64
P101504,Clothing,279,24,92.61,Normal,4.3,82.31,84.15
P101505,Footwear,998,754,117.47,Normal,3.6,123.77,100.6
P101506,Grocery,687,612,22.28,Summer,4.5,25.0,21.46
P101507,Footwear,560,5,116.63,Normal,3.2,124.46,120.51
P101508,Clothing,195,374,89.91,Summer,3.0,88.93,75.45
P101509,Electronics,844,1403,879.54,Festival,3.9,920.49,674.33
P101510,Footwear,651,1057,169.67,Festival,2.8,186.55,126.82
P101511,Electronics,524,110,801.86,Normal,3.2,871.1,769.48
P101512,Electronics,476,29,701.39,Summer,2.9,710.24,654.74
P101513,Grocery,561,522,30.86,Summer,3.3,30.17,25.05
P101514,Footwear,842,700,111.92,Normal,4.4,110.49,99.97
P101515,Home Decor,725,682,196.64,Summer,2.8,221.25,169.03
P101516,Clothing,495,1046,89.2,Winter,4.0,82.59,65.85
P101517,Electronics,674,264,747.85,Normal,4.0,832.36,697.93
P101518,Home Decor,931,74,244.78,Festival,3.8,228.31,245.71
P101519,Electronics,339,1010,631.14,Summer,3.7,722.55,498.57
P101520,Electronics,902,1346,827.43,Winter,4.2,828.31,656.81
P101521,Clothing,614,255,96.27,Normal,4.6,103.78,93.63
P101522,Grocery,201,544,32.54,Winter,2.9,35.04,23.83
P101523,Home Decor,967,941,188.51,Summer,4.5,205.21,162.92
P101524,Footwear,692,252,153.83,Summer,2.7,168.16,144.15
P101525,Footwear,398,1290,147.24,Winter,3.7,131.12,105.42
P101526,Electronics,230,342,715.57,Normal,3.8,682.51,565.89
P101527,Clothing,917,801,85.3,Winter,3.0,80.35,64.97
P101528,Grocery,826,511,30.44,Summer,2.7,32.53,24.93
P101529,Electronics,63,1002,880.96,Festival,2.7,937.78,601.16
P101530,Clothing,643,301,88.32,Summer,2.6,84.8,78.48
P101531,Clothing,132,151,105.9,Winter,3.9,115.88,89.34
P101532,Electronics,308,768,602.72,Normal,2.9,581.11,425.33
P101533,Grocery,576,1298,27.4,Normal,4.5,26.65,20.87
P101534,Footwear,264,951,118.42,Summer,4.7,116.96,85.75
P101535,Electronics,522,1134,700.63,Winter,3.2,757.4,546.68
P101536,Grocery,440,652,24.87,Summer,2.9,21.96,18.73
P101537,Footwear,589,214,119.13,Summer,3.5,133.99,118.34
P101538,Footwear,804,643,139.06,Festival,4.7,148.35,118.6
P101539,Footwear,172,1481,119.56,Festival,3.5,124.15,83.04
P101540,Clothing,800,1173,66.97,Normal,2.8,63.23,52.86
P101541,Footwear,237,1056,135.81,Normal,5.0,148.31,101.24
P101542,Clothing,52,455,80.87,Winter,3.7,90.23,65.24
P101543,Clothing,457,901,66.33,Normal,3.4,67.35,52.34
P101544,Electronics,316,936,655.81,Festival,4.7,628.9,461.06
P101545,Grocery,200,983,23.96,Winter,4.8,23.55,17.22
P101546,Clothing,434,1339,67.26,Normal,3.7,66.75,51.64
P101547,Clothing,871,1023,101.09,Summer,3.3,97.31,79.94
P101548,Footwear,593,336,150.72,Festival,3.7,161.61,138.16
P101549,Clothing,733,336,79.15,Normal,3.0,76.97,71.73
P101550,Clothing,166,931,88.96,Winter,3.7,98.01,64.54
P101551,Electronics,94,1299,564.53,Normal,3.1,567.47,393.05
P101552,Clothing,348,1422,95.13,Winter,4.1,99.87,71.96
P101553,Clothing,778,916,98.95,Normal,4.4,112.41,82.63
P101554,Clothing,887,797,72.2,Summer,4.9,72.23,64.95
P101555,Clothing,119,1224,72.97,Summer,4.6,67.57,49.39
P101556,Footwear,487,1465,138.69,Winter,2.7,142.64,96.95
P101557,Home Decor,408,46,159.36,Normal,3.0,161.61,156.82
P101558,Grocery,749,468,22.51,Summer,3.8,24.57,21.49
P101559,Grocery,221,504,27.71,Normal,3.1,30.82,23.4
P101560,Home Decor,495,848,201.35,Summer,2.5,215.93,138.25
P101561,Home Decor,852,445,174.32,Winter,4.4,199.12,172.66
P101562,Grocery,475,469,31.11,Winter,3.4,29.64,24.64
P101563,Home Decor,785,41,160.42,Summer,2.7,151.53,164.14
P101564,Home Decor,629,10,173.34,Normal,3.8,166.17,185.6
P101565,Footwear,605,677,144.72,Winter,4.9,153.57,121.45
P101566,Grocery,274,1495,27.1,Normal,4.2,25.55,18.21
P101567,Electronics,992,446,826.85,Festival,2.9,747.37,728.0
P101568,Electronics,264,363,855.28,Festival,3.8,978.43,752.46
P101569,Grocery,932,400,32.39,Festival,4.8,31.25,30.36
P101570,Grocery,989,1459,29.9,Normal,2.6,28.11,21.64
P101571,Clothing,521,997,85.17,Normal,4.1,83.2,63.96
P101572,Grocery,871,981,29.28,Festival,4.3,27.02,23.27
P101573,Grocery,720,288,33.91,Festival,4.3,30.17,30.73
P101574,Home Decor,742,1356,197.84,Festival,2.9,190.42,139.91
P101575,Electronics,87,299,790.02,Winter,4.8,767.29,641.29
P101576,Clothing,154,1450,88.77,Festival,3.3,97.56,64.71
P101577,Footwear,88,1428,130.58,Winter,2.6,130.27,90.2
P101578,Home Decor,49,853,204.81,Normal,2.7,220.98,138.46
P101579,Home Decor,839,1302,196.18,Normal,3.6,211.61,164.7
P101580,Home Decor,191,1499,154.23,Normal,2.6,168.58,113.64
P101581,Home Decor,26,872,182.16,Normal,4.4,205.48,137.18
P101582,Clothing,938,1152,110.36,Festival,4.7,111.98,89.92
P101583,Clothing,293,888,99.89,Normal,2.5,90.71,65.61
P101584,Clothing,819,788,84.11,Summer,4.5,74.89,63.81
P101585,Grocery,961,505,22.71,Winter,5.0,21.13,22.04
P101586,Home Decor,532,984,186.5,Winter,2.6,205.87,134.66
P101587,Clothing,928,404,84.93,Summer,4.3,87.91,83.58
P101588,Grocery,969,295,21.29,Normal,5.0,19.54,21.9
P101589,Clothing,161,416,95.33,Normal,4.5,87.3,75.4
P101590,Electronics,163,21,806.64,Festival,3.8,904.0,743.96
P101591,Electronics,382,1401,688.26,Winter,4.7,702.31,515.39
P101592,Electronics,567,388,644.01,Normal,4.3,596.62,576.49
P101593,Home Decor,790,1200,158.78,Winter,3.2,178.17,136.24
P101594,Clothing,199,655,83.45,Normal,3.1,89.67,63.72
P101595,Home Decor,209,512,184.41,Normal,3.8,186.07,140.19
P101596,Footwear,320,345,123.22,Winter,3.4,123.91,99.96
P101597,Electronics,285,1231,760.13,Winter,3.3,806.96,523.13
P101598,Electronics,941,773,686.76,Winter,2.9,667.08,520.78
P101599,Footwear,408,677,131.74,Summer,4.6,151.5,112.32
P101600,Clothing,870,988,101.81,Winter,4.3,111.16,86.36
P101601,Home Decor,74,1204,181.04,Summer,3.3,190.64,120.95
P101602,Electronics,119,985,663.55,Summer,3.1,707.08,489.54
P101603,Footwear,807,704,151.67,Winter,2.8,174.25,125.59
P101604,Footwear,264,1341,120.38,Summer,2.8,106.29,75.64
P101605,Clothing,100,1344,80.71,Normal,4.1,71.53,52.51
P101606,Clothing,602,1449,95.94,Summer,2.8,104.77,68.4
P101607,Home Decor,164,141,193.41,Normal,4.9,181.14,173.83
P101608,Clothing,80,1336,100.66,Summer,3.2,107.2,67.44
P101609,Clothing,417,293,84.24,Summer,2.6,85.58,72.17
P101610,Clothing,559,932,84.54,Summer,4.6,81.67,61.16
P101611,Clothing,536,988,67.08,Normal,3.4,63.22,48.4
P101612,Footwear,592,312,115.1,Winter,3.4,125.42,109.43
P101613,Footwear,43,17,148.99,Festival,2.8,137.99,125.28
P101614,Clothing,305,1415,74.2,Summer,4.2,68.47,50.08
P101615,Home Decor,356,1337,182.71,Normal,3.4,182.58,126.47
P101616,Electronics,307,266,630.55,Summer,4.6,575.19,576.41
P101617,Electronics,567,903,571.15,Winter,4.1,601.54,442.35
P101618,Grocery,244,231,25.61,Normal,4.7,29.39,24.43
P101619,Home Decor,639,851,209.48,Winter,4.1,226.64,159.35
P101620,Electronics,936,479,665.19,Winter,4.4,693.71,646.94
P101621,Electronics,667,1128,750.04,Normal,4.2,739.95,545.76
P101622,Grocery,401,862,23.39,Winter,3.7,26.83,18.21
P101623,Footwear,446,749,106.2,Summer,4.2,118.69,88.7
P101624,Electronics,593,1023,841.95,Winter,4.2,927.45,664.59
P101625,Clothing,729,716,100.22,Summer,2.5,94.42,71.76
P101626,Footwear,315,24,119.38,Normal,4.2,109.04,111.41
P101627,Clothing,57,895,94.45,Festival,3.2,87.66,60.1
P101628,Electronics,708,1168,909.62,Festival,3.9,864.0,650.29
P101629,Electronics,668,738,701.72,Summer,2.8,632.99,507.01
P101630,Clothing,119,266,69.63,Normal,2.6,77.98,60.44
P101631,Grocery,634,16,21.73,Normal,2.5,20.21,21.23
P101632,Home Decor,90,448,162.48,Summer,2.9,152.93,128.65
P101633,Grocery,650,1153,28.89,Normal,2.5,32.35,21.22
P101634,Footwear,749,486,152.76,Festival,2.8,173.95,127.1
P101635,Home Decor,35,1434,170.8,Normal,3.9,160.53,114.18
P101636,Clothing,732,502,75.45,Winter,3.5,72.38,65.79
P101637,Clothing,138,644,71.94,Summer,5.0,78.85,57.86
P101638,Home Decor,279,1141,204.98,Normal,4.5,234.09,155.41
P101639,Clothing,710,922,96.07,Normal,2.9,101.4,70.42
P101640,Footwear,367,66,133.35,Winter,3.5,133.28,121.69
P101641,Footwear,977,119,142.42,Summer,3.6,151.27,147.79
P101642,Electronics,958,298,612.13,Normal,3.4,667.64,615.67
P101643,Grocery,987,1308,27.6,Summer,3.7,25.13,22.48
P101644,Electronics,122,38,694.76,Winter,4.2,693.04,645.84
P101645,Electronics,192,112,657.86,Festival,4.1,731.2,619.81
P101646,Grocery,199,1168,26.51,Summer,3.4,28.38,19.56
P101647,Clothing,593,936,97.57,Summer,4.3,89.91,72.99
P101648,Footwear,441,1475,104.1,Summer,3.2,112.84,76.55
P101649,Home Decor,750,333,184.53,Normal,4.6,195.64,167.16
P101650,Footwear,296,991,152.07,Winter,4.9,144.69,104.53
P101651,Clothing,215,206,92.78,Normal,3.2,90.26,79.07
P101652,Clothing,656,887,82.57,Normal,4.5,79.68,66.72
P101653,Clothing,624,163,71.49,Normal,4.5,82.09,73.54
P101654,Electronics,696,1362,908.79,Festival,3.7,844.82,670.34
P101655,Home Decor,325,626,188.15,Festival,2.7,207.71,146.3
P101656,Clothing,535,386,79.63,Winter,4.5,81.48,75.74
P101657,Clothing,929,1476,82.45,Festival,3.5,92.16,71.37
P101658,Home Decor,618,104,183.13,Normal,3.0,209.7,192.09
P101659,Clothing,933,1200,87.24,Normal,4.1,99.41,75.93
P101660,Electronics,444,767,810.03,Winter,3.6,899.66,611.45
P101661,Electronics,63,1032,701.66,Winter,2.7,695.81,453.81
P101662,Grocery,765,394,30.94,Normal,5.0,29.49,28.79
P101663,Footwear,471,1322,133.02,Summer,3.1,128.53,90.96
P101664,Electronics,61,679,701.93,Normal,3.8,741.48,501.25
P101665,Home Decor,155,630,170.84,Winter,4.2,166.11,131.19
P101666,Home Decor,326,687,162.31,Normal,2.8,161.9,126.37
P101667,Home Decor,207,448,192.23,Normal,4.3,173.3,148.99
P101668,Clothing,690,481,95.82,Winter,4.1,104.27,87.23
P101669,Electronics,618,214,607.92,Summer,3.7,553.27,568.18
P101670,Home Decor,343,732,185.06,Normal,3.8,179.7,139.35
P101671,Clothing,102,714,82.52,Winter,4.9,85.78,59.59
P101672,Grocery,96,573,26.73,Winter,4.8,27.36,21.16
P101673,Footwear,946,1478,129.64,Festival,2.8,145.34,105.89
P101674,Electronics,358,174,606.67,Winter,3.4,641.77,552.05
P101675,Footwear,125,1365,114.94,Normal,3.8,125.63,83.3
P101676,Home Decor,717,1300,221.3,Summer,4.8,212.87,178.58
P101677,Footwear,872,38,148.35,Winter,4.5,135.84,149.55
P101678,Clothing,139,1053,69.1,Normal,3.5,74.67,47.8
P101679,Home Decor,946,317,159.03,Summer,4.7,146.54,162.73
P101680,Grocery,730,66,27.35,Winter,3.4,30.22,27.4
P101681,Footwear,266,1292,112.71,Normal,3.2,127.89,89.0
P101682,Footwear,779,178,140.89,Normal,4.0,134.74,141.08
P101683,Footwear,431,451,145.71,Festival,3.4,158.17,124.46
P101684,Clothing,642,149,94.93,Normal,4.1,94.75,91.96
P101685,Electronics,144,217,580.14,Summer,3.5,557.36,531.07
P101686,Clothing,259,97,104.91,Winter,4.5,104.53,98.3
P101687,Grocery,777,1264,28.75,Normal,4.9,30.32,23.42
P101688,Grocery,809,93,28.37,Normal,3.2,32.53,30.6
P101689,Grocery,30,1140,36.12,Festival,3.8,34.71,22.53
P101690,Clothing,230,239,86.69,Winter,4.3,92.81,77.98
P101691,Footwear,615,1372,112.45,Winter,2.9,109.12,79.25
P101692,Home Decor,907,1272,191.64,Summer,4.5,181.65,156.92
P101693,Clothing,680,946,93.64,Normal,4.0,98.38,72.78
P101694,Footwear,712,1243,142.75,Normal,2.9,154.96,107.95
P101695,Footwear,400,451,131.03,Winter,4.7,140.68,114.31
P101696,Grocery,73,1175,30.07,Winter,3.6,34.12,20.66
P101697,Electronics,770,336,638.14,Winter,2.9,580.07,569.27
P101698,Footwear,803,923,113.61,Summer,3.0,116.56,94.32
P101699,Home Decor,454,1379,192.98,Normal,4.5,184.97,139.75
P101700,Footwear,516,1086,141.79,Festival,4.8,156.05,114.85
P101701,Home Decor,250,408,164.87,Summer,3.4,147.84,133.31
P101702,Home Decor,463,1109,243.7,Festival,2.7,226.03,165.38
P101703,Clothing,257,1325,83.91,Normal,2.8,91.33,59.61
P101704,Grocery,432,1334,26.88,Summer,4.1,26.23,19.43
P101705,Grocery,151,1110,23.89,Winter,3.4,25.42,17.39
P101706,Home Decor,614,1099,196.19,Festival,3.6,225.54,158.8
P101707,Electronics,262,1178,748.41,Summer,3.3,751.52,506.03
P101708,Clothing,730,1106,111.99,Festival,3.7,114.67,81.96
P101709,Home Decor,527,204,190.35,Festival,4.1,217.64,189.59
P101710,Clothing,898,1207,96.35,Summer,3.9,104.21,80.39
P101711,Footwear,236,274,143.24,Summer,2.9,133.66,117.44
P101712,Clothing,287,836,93.63,Normal,3.7,102.73,70.57
P101713,Home Decor,258,512,204.18,Winter,3.7,208.12,161.54
P101714,Home Decor,638,323,206.3,Festival,3.9,225.4,192.27
P101715,Clothing,124,426,108.71,Festival,2.8,113.23,81.33
P101716,Footwear,692,131,123.17,Normal,2.9,115.95,113.07
P101717,Clothing,822,662,73.23,Normal,3.8,80.55,63.13
P101718,Grocery,681,631,24.83,Normal,3.2,21.86,19.28
P101719,Grocery,151,608,30.0,Festival,4.1,33.59,22.79
P101720,Footwear,503,142,131.94,Winter,3.4,145.27,127.87
P101721,Electronics,542,912,830.9,Winter,3.1,948.84,602.89
P101722,Clothing,403,258,84.53,Winter,4.1,75.2,71.4
P101723,Footwear,476,1284,119.88,Winter,3.5,119.66,91.77
P101724,Grocery,767,40,31.77,Summer,2.9,29.41,29.75
P101725,Grocery,837,87,24.49,Winter,4.5,24.02,25.77
P101726,Electronics,314,453,568.27,Winter,3.6,555.28,476.13
P101727,Clothing,343,614,97.68,Summer,4.8,101.72,75.35
P101728,Home Decor,223,1455,234.76,Winter,3.0,234.32,161.42
P101729,Electronics,413,790,723.66,Normal,4.7,825.48,551.68
P101730,Clothing,554,571,93.96,Festival,4.5,89.73,76.24
P101731,Home Decor,719,1257,189.69,Normal,2.8,188.37,139.82
P101732,Electronics,282,365,903.34,Festival,3.8,965.83,748.67
P101733,Footwear,232,1346,144.08,Normal,4.1,137.55,98.17
P101734,Clothing,52,608,69.13,Normal,3.7,74.34,53.21
P101735,Home Decor,112,472,221.23,Summer,3.5,237.01,175.85
P101736,Footwear,70,455,130.26,Normal,4.9,139.67,104.99
P101737,Home Decor,223,19,154.6,Summer,4.3,164.23,153.61
P101738,Electronics,701,1012,664.72,Festival,4.9,731.67,555.32
P101739,Grocery,778,868,20.99,Normal,4.6,24.11,19.64
P101740,Footwear,973,953,156.19,Winter,4.5,139.78,122.16
P101741,Clothing,554,979,94.72,Festival,4.3,96.07,74.58
P101742,Clothing,465,45,95.63,Winter,4.1,105.15,95.57
P101743,Electronics,901,1317,549.48,Summer,4.7,483.55,479.54
P101744,Home Decor,164,769,215.26,Summer,4.0,221.11,151.96
P101745,Footwear,637,1038,126.97,Summer,2.7,134.35,97.7
P101746,Grocery,821,59,31.34,Summer,4.0,29.2,30.39
P101747,Footwear,512,1142,147.83,Festival,2.8,146.09,99.55
P101748,Grocery,276,1017,34.2,Festival,4.9,37.38,25.94
P101749,Grocery,628,555,28.9,Winter,4.1,25.95,23.87
P101750,Clothing,995,1404,83.51,Normal,3.9,76.53,72.13
P101751,Grocery,251,977,31.61,Summer,3.0,34.8,21.13
P101752,Electronics,571,1361,711.81,Winter,3.8,781.91,564.79
P101753,Home Decor,69,1233,216.67,Normal,3.4,225.21,140.84
P101754,Footwear,247,312,100.26,Normal,4.2,99.5,88.03
P101755,Clothing,771,1494,93.51,Winter,4.0,84.95,69.93
P101756,Grocery,506,1115,31.21,Summer,3.7,34.3,23.79
P101757,Electronics,215,288,784.35,Normal,3.1,741.42,615.89
P101758,Home Decor,348,1190,185.14,Normal,3.8,208.58,141.38
P101759,Home Decor,138,646,195.19,Winter,3.7,212.65,149.16
P101760,Home Decor,783,1297,222.95,Winter,4.6,201.07,176.07
P101761,Clothing,944,264,79.44,Summer,4.7,83.54,85.13
P101762,Electronics,123,393,938.03,Festival,4.4,1058.63,775.78
P101763,Electronics,253,524,603.07,Normal,3.3,673.85,492.86
P101764,Electronics,859,678,553.79,Normal,2.6,579.05,456.51
P101765,Electronics,881,948,793.68,Winter,4.8,735.29,639.95
P101766,Electronics,771,336,762.42,Festival,5.0,810.96,730.44
P101767,Home Decor,720,1059,175.14,Normal,2.8,185.62,137.7
P101768,Electronics,864,41,660.06,Winter,4.2,685.77,705.58
P101769,Electronics,386,499,807.03,Normal,3.6,768.09,625.16
P101770,Footwear,897,990,135.57,Winter,2.9,152.26,106.56
P101771,Grocery,888,401,33.03,Winter,5.0,33.55,30.96
P101772,Footwear,245,650,137.03,Festival,4.8,131.58,100.65
P101773,Grocery,91,911,26.45,Winter,5.0,25.1,18.15
P101774,Home Decor,530,375,163.99,Normal,2.9,156.75,141.29
P101775,Grocery,763,1446,29.65,Festival,3.7,29.78,21.43
P101776,Grocery,852,1271,22.44,Winter,4.7,21.14,17.66
P101777,Footwear,159,1456,104.33,Winter,4.2,106.39,79.63
P101778,Clothing,389,746,95.8,Festival,3.6,89.27,67.19
P101779,Clothing,772,518,96.74,Winter,3.8,92.21,79.81
P101780,Grocery,79,1492,25.2,Normal,2.6,22.99,16.85
P101781,Electronics,728,1094,718.45,Winter,4.0,701.56,548.47
P101782,Footwear,305,1191,128.68,Winter,4.6,127.34,93.07
P101783,Clothing,41,278,98.79,Festival,2.5,97.71,74.01
P101784,Electronics,257,1304,772.27,Summer,2.9,830.75,568.98
P101785,Clothing,746,794,110.04,Festival,3.8,111.19,83.98
P101786,Home Decor,872,1161,250.71,Festival,3.9,267.53,200.01
P101787,Clothing,99,1238,77.28,Winter,3.4,68.7,52.39
P101788,Footwear,474,163,122.02,Normal,2.6,121.77,105.21
P101789,Home Decor,217,153,211.92,Normal,4.4,191.63,181.35
P101790,Electronics,689,102,796.26,Normal,3.1,800.05,769.73
P101791,Footwear,785,966,134.0,Winter,4.1,140.18,108.11
P101792,Clothing,962,1373,87.51,Winter,3.9,95.84,78.34
P101793,Electronics,367,50,746.7,Normal,3.6,768.03,698.78
P101794,Footwear,313,211,176.49,Festival,4.0,173.4,153.32
P101795,Home Decor,323,731,213.07,Festival,4.2,202.72,155.8
P101796,Clothing,765,589,84.11,Festival,3.9,95.76,75.23
P101797,Grocery,456,158,29.47,Normal,3.9,27.51,26.86
P101798,Clothing,42,916,92.74,Summer,3.6,82.67,58.92
P101799,Grocery,948,1358,26.03,Festival,3.6,23.79,19.34
P101800,Grocery,122,321,24.7,Summer,3.7,28.38,21.84
P101801,Grocery,929,9,28.03,Winter,3.6,31.53,31.42
P101802,Grocery,178,341,28.36,Normal,3.6,27.41,23.2
P101803,Electronics,547,280,886.41,Festival,3.0,780.96,727.56
P101804,Footwear,326,702,112.82,Winter,4.3,122.65,92.18
P101805,Footwear,693,165,109.58,Normal,2.8,105.33,102.73
P101806,Footwear,414,544,136.8,Normal,4.8,121.2,112.47
P101807,Electronics,379,183,667.24,Festival,4.1,669.43,605.95
P101808,Clothing,487,1016,82.74,Normal,2.6,82.28,59.26
P101809,Clothing,971,706,89.45,Winter,4.1,87.45,75.74
P101810,Electronics,260,117,627.85,Normal,3.4,663.27,578.64
P101811,Clothing,235,70,95.78,Summer,4.8,103.07,93.77
P101812,Clothing,84,735,71.56,Winter,4.8,73.77,52.74
P101813,Footwear,743,889,146.83,Winter,4.6,129.76,111.59
P101814,Clothing,683,265,90.46,Summer,3.9,80.15,81.16
P101815,Footwear,616,488,147.0,Festival,4.8,164.35,130.87
P101816,Grocery,43,912,30.77,Summer,4.1,28.63,21.59
P101817,Footwear,794,709,128.43,Festival,4.7,126.82,103.95
P101818,Grocery,813,178,29.98,Summer,2.9,27.22,26.11
P101819,Grocery,946,589,23.19,Summer,4.8,21.85,20.6
P101820,Grocery,930,300,31.15,Normal,4.2,31.49,30.28
P101821,Home Decor,277,1390,177.16,Festival,3.3,167.17,122.31
P101822,Grocery,716,1206,26.45,Normal,5.0,27.98,22.63
P101823,Grocery,414,471,26.32,Festival,4.2,25.77,22.6
P101824,Grocery,604,356,25.63,Summer,4.8,28.01,24.57
P101825,Footwear,345,206,125.12,Festival,2.5,130.44,104.69
P101826,Electronics,663,1106,692.87,Festival,3.9,657.23,507.68
P101827,Grocery,953,1377,21.79,Summer,4.3,23.93,19.4
P101828,Grocery,659,413,20.59,Normal,2.5,23.3,18.17
P101829,Home Decor,922,961,239.86,Festival,4.4,218.85,184.54
P101830,Grocery,933,356,25.37,Normal,4.1,26.92,26.15
P101831,Grocery,136,1375,24.77,Festival,3.2,26.01,17.58
P101832,Home Decor,965,452,259.93,Festival,4.2,275.74,238.84
P101833,Clothing,821,148,93.81,Winter,2.8,83.34,84.53
P101834,Electronics,438,1321,606.86,Normal,4.6,538.65,457.9
P101835,Electronics,608,1418,694.95,Winter,4.7,666.88,536.55
P101836,Electronics,624,598,689.84,Summer,3.7,622.01,548.89
P101837,Electronics,790,1361,713.06,Summer,3.8,697.98,570.36
P101838,Clothing,806,369,112.21,Festival,3.5,125.18,104.94
P101839,Footwear,120,409,128.84,Normal,3.4,125.71,100.73
P101840,Footwear,21,807,148.9,Normal,4.7,146.83,102.58
P101841,Electronics,261,902,736.14,Normal,3.3,700.98,494.24
P101842,Grocery,536,581,31.13,Normal,3.5,30.93,25.04
P101843,Electronics,852,1200,686.93,Normal,3.2,752.42,543.67
P101844,Home Decor,659,1186,212.12,Winter,4.1,234.25,168.04
P101845,Electronics,153,185,872.31,Festival,4.5,866.8,770.61
P101846,Grocery,722,1485,29.47,Summer,2.9,29.09,21.58
P101847,Clothing,478,242,68.43,Summer,3.1,63.83,59.54
P101848,Grocery,381,792,23.18,Winter,2.8,26.51,17.34
P101849,Clothing,776,637,75.64,Summer,2.9,72.91,64.21
P101850,Footwear,309,680,112.41,Normal,3.5,109.32,77.03
P101851,Clothing,626,197,96.74,Normal,4.4,96.36,92.69
P101852,Home Decor,198,517,215.74,Winter,3.9,194.54,156.51
P101853,Grocery,393,50,22.04,Normal,2.6,21.35,20.71
P101854,Footwear,566,1460,127.62,Winter,4.1,144.38,101.33
P101855,Home Decor,630,220,171.41,Summer,4.5,154.29,168.79
P101856,Home Decor,920,727,224.54,Winter,3.5,212.18,174.62
P101857,Clothing,304,327,100.09,Summer,3.1,93.96,81.69
P101858,Clothing,898,271,75.53,Winter,4.4,71.26,78.42
P101859,Clothing,820,588,82.33,Summer,2.6,93.67,71.12
P101860,Clothing,372,1453,101.33,Summer,4.5,108.55,74.88
P101861,Grocery,157,719,28.39,Summer,4.5,32.03,21.51
P101862,Home Decor,272,1441,214.79,Normal,4.7,238.75,164.18
P101863,Home Decor,664,1241,180.54,Summer,2.7,189.33,132.92
P101864,Grocery,793,656,24.12,Winter,2.8,24.87,19.94
P101865,Grocery,620,1352,32.96,Festival,4.7,33.53,25.23
P101866,Home Decor,730,525,167.73,Winter,3.7,178.83,149.06
P101867,Home Decor,119,754,250.88,Festival,3.5,268.31,165.98
P101868,Electronics,515,1022,766.3,Summer,3.9,798.37,566.7
P101869,Grocery,876,886,28.06,Festival,2.6,28.09,22.28
P101870,Home Decor,401,1244,219.72,Festival,4.1,233.42,161.41
P101871,Clothing,900,248,93.09,Normal,4.9,85.86,94.03
P101872,Clothing,141,750,115.36,Festival,4.2,118.69,78.81
P101873,Home Decor,979,998,185.35,Winter,3.7,189.09,148.56
P101874,Home Decor,789,499,221.27,Winter,4.9,226.66,200.37
P101875,Home Decor,633,1301,167.53,Summer,4.2,170.53,129.38
P101876,Footwear,625,455,171.13,Festival,2.6,185.26,142.23
P101877,Clothing,937,455,91.88,Summer,4.2,99.65,86.9
P101878,Clothing,389,493,75.11,Winter,2.6,72.78,61.22
P101879,Grocery,181,1016,28.45,Normal,3.3,27.73,20.13
P101880,Grocery,920,181,29.13,Summer,4.0,25.77,27.15
P101881,Grocery,120,218,29.33,Summer,3.0,26.71,23.0
P101882,Grocery,666,1169,28.56,Festival,2.6,27.16,19.84
P101883,Clothing,280,314,96.51,Winter,4.0,104.88,88.26
P101884,Footwear,930,161,141.05,Normal,3.2,154.51,142.92
P101885,Clothing,974,399,77.54,Normal,3.8,73.43,70.83
P101886,Clothing,484,600,72.75,Normal,3.2,81.11,65.16
P101887,Electronics,542,54,828.03,Winter,4.2,812.66,790.44
P101888,Electronics,465,1253,748.87,Winter,4.7,820.37,559.85
P101889,Home Decor,436,180,216.22,Festival,2.7,217.52,184.33
P101890,Clothing,938,609,113.12,Festival,4.5,121.31,98.92
P101891,Clothing,301,307,82.93,Festival,2.9,80.96,69.06
P101892,Footwear,960,445,148.64,Winter,3.3,133.64,125.29
P101893,Grocery,657,72,26.55,Summer,3.4,25.18,25.58
P101894,Electronics,961,1422,561.23,Summer,3.0,599.52,475.89
P101895,Clothing,619,1406,102.03,Summer,2.7,115.07,79.15
P101896,Electronics,822,194,772.98,Summer,4.4,811.35,789.88
P101897,Grocery,500,299,22.81,Normal,4.5,24.81,21.9
P101898,Clothing,473,1327,100.3,Summer,5.0,88.64,72.31
P101899,Electronics,272,625,937.43,Festival,4.8,1017.31,733.61
P101900,Electronics,226,97,756.73,Normal,3.6,836.64,729.16
P101901,Grocery,56,208,23.18,Winter,2.8,22.98,18.7
P101902,Electronics,395,623,690.41,Festival,2.5,699.63,531.81
P101903,Home Decor,987,839,205.96,Normal,3.8,184.16,159.84
P101904,Electronics,939,949,835.71,Winter,4.7,774.83,638.04
P101905,Grocery,696,234,24.18,Winter,3.2,21.65,21.11
P101906,Clothing,376,558,81.45,Normal,3.0,87.76,67.66
P101907,Clothing,529,395,70.92,Normal,3.6,77.73,68.53
P101908,Electronics,761,804,666.6,Normal,4.7,606.17,519.54
P101909,Footwear,21,485,131.55,Normal,3.6,148.5,102.23
P101910,Home Decor,924,309,157.98,Winter,4.3,174.83,159.7
P101911,Electronics,873,1223,712.7,Normal,3.7,738.07,588.64
P101912,Electronics,970,855,839.94,Festival,3.4,961.0,692.0
P101913,Home Decor,112,713,182.82,Normal,3.6,204.44,126.85
P101914,Grocery,948,206,30.13,Normal,4.4,28.32,30.05
P101915,Electronics,621,110,570.68,Normal,4.4,649.2,599.92
P101916,Electronics,563,1195,547.34,Normal,3.6,547.12,440.22
P101917,Grocery,195,1453,27.38,Winter,3.2,25.24,17.6
P101918,Footwear,502,877,148.57,Festival,2.8,138.77,103.55
P101919,Grocery,376,63,24.77,Winter,2.5,26.37,22.95
P101920,Home Decor,987,725,262.0,Festival,2.8,300.41,200.67
P101921,Grocery,352,423,23.23,Normal,2.9,23.23,19.84
P101922,Clothing,233,86,74.89,Normal,4.2,77.5,74.35
P101923,Grocery,947,217,30.97,Winter,4.5,29.77,30.52
P101924,Clothing,203,752,114.87,Festival,4.3,127.3,82.37
P101925,Clothing,906,643,89.09,Winter,4.3,81.17,74.89
P101926,Electronics,963,847,554.48,Summer,5.0,575.11,506.74
P101927,Clothing,321,1041,82.5,Winter,4.9,85.65,66.51
P101928,Footwear,695,402,109.96,Normal,3.2,96.79,96.77
P101929,Electronics,800,433,716.38,Winter,2.9,812.34,648.67
P101930,Clothing,545,1017,89.08,Normal,2.9,101.83,68.85
P101931,Grocery,703,299,26.2,Winter,4.7,26.36,25.15
P101932,Grocery,149,119,26.28,Normal,2.8,28.27,22.61
P101933,Footwear,525,1281,162.38,Festival,3.4,180.1,124.42
P101934,Footwear,522,316,111.1,Normal,3.8,101.27,100.91
P101935,Footwear,575,185,128.04,Festival,4.0,115.6,113.0
P101936,Electronics,945,1107,758.17,Normal,4.0,808.3,616.95
P101937,Grocery,828,800,20.9,Normal,4.5,21.55,18.55
P101938,Grocery,610,225,26.1,Festival,3.9,27.76,24.39
P101939,Clothing,415,1276,68.01,Summer,4.6,70.35,52.82
P101940,Electronics,416,372,729.52,Winter,2.7,785.06,657.81
P101941,Clothing,39,1015,86.24,Normal,4.6,79.5,57.9
P101942,Clothing,560,978,98.96,Festival,4.0,92.85,74.35
P101943,Clothing,267,1245,94.22,Festival,3.1,88.95,66.36
P101944,Electronics,888,1094,803.42,Festival,4.9,797.36,641.22
P101945,Footwear,778,1056,114.91,Winter,4.8,124.69,99.42
P101946,Home Decor,914,81,211.55,Normal,4.6,233.65,242.74
P101947,Electronics,995,1407,807.13,Normal,4.8,797.72,675.88
P101948,Home Decor,412,194,189.44,Normal,3.5,197.51,185.68
P101949,Electronics,439,384,637.63,Normal,3.1,611.93,525.66
P101950,Home Decor,615,671,208.88,Normal,3.0,210.65,167.49
P101951,Home Decor,441,436,191.8,Festival,4.7,217.51,174.69
P101952,Electronics,293,891,622.66,Normal,4.6,593.21,455.77
P101953,Footwear,712,84,151.31,Summer,5.0,165.34,162.36
P101954,Home Decor,462,683,191.18,Festival,4.6,170.42,144.45
P101955,Home Decor,943,527,156.28,Normal,4.1,152.09,145.41
P101956,Home Decor,235,972,201.28,Winter,2.9,212.93,142.23
P101957,Grocery,454,782,28.42,Winter,2.9,30.97,19.73
P101958,Electronics,540,1135,825.89,Festival,3.7,858.83,600.19
P101959,Home Decor,909,250,169.95,Winter,4.4,189.44,185.72
P101960,Grocery,586,1424,28.25,Normal,2.9,31.12,22.01
P101961,Grocery,87,591,24.49,Winter,4.8,25.64,19.46
P101962,Clothing,351,528,101.16,Summer,4.2,98.53,79.55
P101963,Grocery,888,824,27.08,Festival,3.3,26.49,21.52
P101964,Electronics,286,248,570.11,Winter,4.7,596.38,558.51
P101965,Footwear,353,1222,131.53,Summer,4.0,139.06,93.51
P101966,Electronics,168,399,695.84,Festival,4.3,686.47,561.21
P101967,Footwear,725,1391,154.38,Festival,3.5,152.43,115.4
P101968,Home Decor,156,226,170.3,Summer,3.5,157.99,145.42
P101969,Grocery,380,1296,29.62,Festival,2.5,26.07,18.16
P101970,Grocery,717,594,26.47,Festival,3.8,26.59,21.41
P101971,Clothing,897,913,80.35,Normal,4.4,88.73,69.39
P101972,Home Decor,237,1309,167.66,Winter,4.9,182.24,134.88
P101973,Footwear,345,198,122.79,Winter,4.7,141.01,119.91
P101974,Clothing,135,523,72.44,Normal,2.7,76.84,54.69
P101975,Electronics,449,1422,898.1,Festival,5.0,847.05,661.84
P101976,Electronics,998,227,758.96,Summer,2.9,806.69,746.51
P101977,Grocery,318,158,22.29,Normal,2.6,24.6,21.39
P101978,Home Decor,274,786,158.64,Summer,4.4,167.06,121.14
P101979,Footwear,411,41,99.73,Normal,4.8,100.73,101.71
P101980,Electronics,898,1487,596.35,Normal,4.9,624.38,545.91
P101981,Home Decor,556,1356,184.77,Normal,4.6,163.88,144.82
P101982,Clothing,617,286,79.36,Normal,3.0,75.51,69.19
P101983,Home Decor,784,263,236.16,Winter,2.9,217.88,209.29
P101984,Clothing,720,1167,92.85,Normal,2.6,92.08,67.81
P101985,Grocery,606,783,22.62,Winter,4.0,25.36,19.08
P101986,Home Decor,569,1235,188.68,Festival,3.7,175.62,135.93
P101987,Clothing,542,1451,78.49,Festival,2.8,70.57,57.87
P101988,Footwear,197,605,108.7,Summer,3.7,118.46,89.72
P101989,Home Decor,426,384,194.23,Summer,3.9,216.44,169.28
P101990,Electronics,850,931,571.08,Summer,4.3,584.49,487.7
P101991,Electronics,58,954,566.23,Summer,3.5,555.85,414.79
P101992,Footwear,831,651,110.77,Winter,3.3,110.35,90.08
P101993,Clothing,574,452,88.63,Normal,4.2,93.76,77.09
P101994,Electronics,362,397,635.32,Festival,4.2,701.68,581.71
P101995,Grocery,131,784,30.92,Normal,3.2,28.79,19.92
P101996,Footwear,768,642,118.05,Normal,2.5,132.64,93.86
P101997,Clothing,20,689,77.18,Normal,4.9,81.62,57.21
P101998,Clothing,552,147,86.85,Winter,4.4,93.74,90.67
P101999,Home Decor,179,1321,187.68,Normal,3.0,169.56,133.5
P102000,Grocery,910,1061,25.02,Normal,3.9,28.22,21.08
P102001,Home Decor,198,1378,185.24,Normal,4.0,189.43,129.06
P102002,Clothing,806,1244,77.29,Normal,2.8,75.57,59.02
P102003,Home Decor,582,930,203.58,Festival,3.0,201.08,156.76
P102004,Grocery,60,464,24.54,Festival,4.9,23.53,20.16
P102005,Electronics,725,982,720.77,Normal,3.8,665.99,569.79
P102006,Home Decor,881,851,207.1,Winter,3.0,184.19,158.68
P102007,Grocery,237,1386,27.69,Normal,4.5,26.34,18.85
P102008,Electronics,969,352,819.91,Summer,3.7,831.45,755.79
P102009,Electronics,802,43,685.18,Summer,4.1,726.31,728.05
P102010,Footwear,747,195,169.8,Festival,3.2,183.05,158.96
P102011,Electronics,349,266,676.79,Summer,2.6,704.42,572.2
P102012,Clothing,137,997,82.03,Normal,2.9,74.76,52.8
P102013,Electronics,440,224,731.21,Summer,4.9,728.66,696.81
P102014,Clothing,811,205,73.03,Normal,4.1,77.42,76.84
P102015,Clothing,594,598,77.46,Winter,4.6,83.71,70.25
P102016,Grocery,654,1174,25.98,Normal,2.6,25.14,19.26
P102017,Clothing,785,639,72.04,Winter,4.4,81.45,64.44
P102018,Electronics,352,411,617.12,Summer,3.7,675.59,545.25
P102019,Grocery,56,430,29.9,Summer,4.2,33.19,23.16
P102020,Clothing,886,1228,96.23,Festival,3.4,102.0,72.08
P102021,Grocery,621,652,20.79,Normal,4.1,20.61,17.99
P102022,Electronics,574,555,549.98,Normal,2.6,622.7,491.31
P102023,Electronics,581,1161,837.4,Winter,2.6,940.73,620.33
P102024,Clothing,855,556,116.24,Festival,4.5,128.3,102.0
P102025,Clothing,773,538,90.28,Summer,2.8,101.17,75.1
P102026,Clothing,676,1127,84.92,Festival,2.5,95.74,68.05
P102027,Footwear,786,494,138.52,Festival,4.8,149.82,129.84
P102028,Clothing,302,767,80.67,Winter,3.2,75.36,56.71
P102029,Grocery,717,998,34.15,Festival,4.0,35.02,26.11
P102030,Grocery,975,305,26.27,Normal,4.6,27.49,26.73
P102031,Electronics,250,196,773.44,Summer,4.4,842.13,691.35
P102032,Grocery,579,1276,25.11,Summer,2.6,25.45,18.76
P102033,Clothing,687,449,98.38,Summer,3.9,100.19,84.51
P102034,Clothing,526,513,82.77,Summer,3.9,95.09,72.21
P102035,Electronics,969,886,669.15,Summer,3.4,670.55,572.5
P102036,Footwear,415,158,145.89,Festival,4.4,133.51,131.47
P102037,Home Decor,233,73,199.21,Summer,4.9,213.47,183.31
P102038,Electronics,153,626,782.9,Normal,2.9,765.59,534.24
P102039,Grocery,852,1452,25.42,Normal,2.9,24.08,18.93
P102040,Footwear,692,863,146.4,Normal,4.3,153.67,114.96
P102041,Clothing,586,869,79.14,Normal,3.6,90.04,60.69
P102042,Footwear,442,916,118.6,Summer,4.5,114.39,91.39
P102043,Grocery,421,1292,24.38,Summer,2.9,23.91,17.4
P102044,Home Decor,935,1254,153.71,Summer,2.6,154.59,123.2
P102045,Home Decor,686,41,213.32,Normal,4.2,227.35,222.97
P102046,Electronics,965,814,555.15,Normal,5.0,547.88,490.33
P102047,Clothing,805,822,81.73,Winter,2.7,81.3,62.59
P102048,Grocery,772,339,24.58,Winter,4.7,26.29,24.45
P102049,Electronics,562,1462,874.46,Festival,3.5,1002.12,665.93
P102050,Clothing,257,396,103.54,Winter,2.5,99.97,78.85
P102051,Home Decor,660,1251,210.81,Normal,3.8,218.83,163.66
P102052,Electronics,721,155,641.11,Summer,3.2,701.69,668.26
P102053,Clothing,531,904,86.15,Winter,4.2,80.75,63.24
P102054,Home Decor,40,1105,176.72,Winter,3.2,194.56,124.64
P102055,Clothing,960,758,100.31,Summer,3.7,97.88,83.92
P102056,Grocery,829,163,23.08,Winter,3.0,21.01,22.47
P102057,Home Decor,365,190,221.28,Normal,4.6,196.22,194.33
P102058,Grocery,503,910,30.12,Summer,4.8,26.78,21.23
P102059,Electronics,140,1294,863.63,Festival,3.5,945.98,582.22
P102060,Electronics,938,897,794.29,Winter,3.6,843.72,640.94
P102061,Home Decor,246,155,179.08,Summer,5.0,195.96,177.66
P102062,Clothing,390,1179,78.05,Summer,2.9,84.55,59.19
P102063,Grocery,439,691,26.08,Winter,4.5,25.63,20.45
P102064,Electronics,277,116,601.27,Summer,3.9,680.59,606.33
P102065,Clothing,641,555,96.75,Winter,4.7,108.08,83.21
P102066,Home Decor,995,308,184.37,Normal,3.2,179.58,179.76
P102067,Grocery,858,1479,30.02,Normal,3.2,32.69,23.89
P102068,Home Decor,540,1364,215.59,Normal,3.3,237.43,163.17
P102069,Clothing,148,163,75.22,Winter,2.5,76.11,64.07
P102070,Grocery,865,860,22.85,Normal,2.9,20.85,17.18
P102071,Home Decor,271,15,179.38,Normal,5.0,174.04,172.08
P102072,Clothing,912,689,71.78,Summer,3.1,82.33,63.82
P102073,Clothing,407,238,94.68,Winter,2.5,101.62,83.3
P102074,Home Decor,528,1122,241.53,Festival,3.2,263.07,176.87
P102075,Clothing,447,112,90.41,Normal,3.5,101.83,88.0
P102076,Grocery,466,1354,27.09,Winter,3.9,25.32,19.27
P102077,Home Decor,181,350,219.25,Summer,2.7,250.27,181.3
P102078,Electronics,561,398,702.33,Normal,4.5,716.31,634.91
P102079,Clothing,414,1329,102.77,Summer,4.6,111.1,76.97
P102080,Electronics,850,1352,760.91,Normal,3.0,734.98,591.33
P102081,Clothing,487,148,90.45,Normal,4.5,87.64,87.27
P102082,Electronics,965,167,567.46,Normal,3.4,554.46,569.44
P102083,Footwear,310,1280,141.36,Normal,3.6,137.68,98.81
P102084,Electronics,341,1466,636.96,Summer,4.8,571.27,452.83
P102085,Footwear,55,735,141.62,Festival,4.7,136.46,97.87
P102086,Clothing,743,251,81.52,Normal,3.4,85.99,72.94
P102087,Clothing,92,233,77.0,Normal,3.7,86.51,69.29
P102088,Clothing,299,403,73.49,Winter,3.2,65.5,60.57
P102089,Footwear,912,1029,111.95,Summer,3.8,99.02,89.08
P102090,Grocery,618,149,30.89,Winter,4.2,32.12,29.41
P102091,Clothing,567,963,93.32,Winter,2.7,99.75,72.7
P102092,Home Decor,808,1206,260.28,Festival,4.8,271.79,213.09
P102093,Grocery,776,219,29.33,Normal,4.3,33.51,29.81
P102094,Electronics,888,1476,645.42,Normal,2.7,607.85,493.4
P102095,Home Decor,671,1481,208.45,Normal,4.7,210.52,155.99
P102096,Clothing,459,448,90.55,Winter,4.4,102.08,81.51
P102097,Electronics,148,172,649.8,Winter,3.3,680.16,552.2
P102098,Grocery,382,491,32.84,Winter,3.8,34.02,26.68
P102099,Electronics,711,391,816.29,Summer,4.7,923.93,793.9
P102100,Clothing,268,422,71.54,Summer,4.9,69.5,62.07
P102101,Footwear,677,1387,150.22,Winter,3.2,138.57,105.01
P102102,Electronics,150,236,588.0,Winter,4.1,537.95,529.57
P102103,Footwear,79,478,172.67,Festival,4.7,190.26,135.72
P102104,Home Decor,377,1182,201.79,Summer,5.0,224.26,158.65
P102105,Grocery,245,91,23.63,Winter,2.7,22.28,20.36
P102106,Footwear,874,95,144.79,Summer,3.8,145.28,148.34
P102107,Footwear,390,456,147.52,Festival,4.7,153.11,124.23
P102108,Home Decor,430,1451,179.61,Festival,2.5,164.8,118.65
P102109,Clothing,415,1259,98.65,Winter,3.6,109.42,75.89
P102110,Electronics,330,1391,775.94,Summer,4.0,770.58,582.54
P102111,Grocery,919,1296,25.68,Normal,3.8,28.59,22.44
P102112,Grocery,744,182,33.46,Festival,4.3,36.32,33.87
P102113,Electronics,175,604,544.22,Normal,2.7,522.26,432.1
P102114,Grocery,231,796,28.23,Festival,4.5,30.3,20.17
P102115,Electronics,99,254,721.17,Normal,3.2,778.85,589.24
P102116,Home Decor,271,1489,165.45,Normal,4.6,159.5,121.54
P102117,Clothing,663,906,85.96,Winter,3.5,81.53,65.17
P102118,Electronics,937,1279,793.48,Normal,2.6,874.67,623.39
P102119,Electronics,492,391,787.0,Summer,4.9,836.61,693.14
P102120,Clothing,99,1074,100.06,Festival,4.5,108.03,70.81
P102121,Clothing,66,163,90.57,Winter,3.4,87.35,75.17
P102122,Electronics,426,38,804.35,Summer,3.2,864.67,780.86
P102123,Clothing,279,962,95.29,Normal,4.0,102.23,69.31
P102124,Electronics,585,107,557.68,Normal,5.0,540.94,555.97
P102125,Clothing,135,417,86.51,Winter,3.2,82.45,67.08
P102126,Clothing,245,1192,72.17,Normal,4.9,71.91,58.03
P102127,Clothing,564,749,72.57,Winter,3.3,78.34,57.31
P102128,Clothing,295,567,80.2,Winter,4.3,74.77,64.59
P102129,Electronics,377,439,703.67,Normal,3.5,785.34,592.79
P102130,Electronics,237,1004,800.33,Winter,2.7,759.45,533.66
P102131,Electronics,70,1431,835.32,Winter,4.8,924.45,584.38
P102132,Footwear,358,1110,120.22,Normal,2.9,110.86,82.73
P102133,Home Decor,343,541,185.7,Summer,4.9,200.49,156.91
P102134,Home Decor,900,636,169.03,Winter,2.8,174.37,145.62
P102135,Grocery,894,159,23.95,Winter,3.2,25.35,24.37
P102136,Grocery,442,219,21.6,Normal,4.8,24.69,21.37
P102137,Clothing,302,405,102.15,Summer,4.1,91.34,81.08
P102138,Footwear,429,583,108.13,Summer,3.0,99.51,85.06
P102139,Footwear,615,1485,137.44,Normal,4.0,123.88,101.59
P102140,Home Decor,398,1307,177.36,Summer,3.0,180.96,133.45
P102141,Home Decor,761,173,200.53,Winter,4.7,219.93,209.26
P102142,Clothing,964,499,95.62,Normal,2.6,85.56,79.43
P102143,Footwear,415,89,146.71,Normal,3.8,159.97,140.07
P102144,Footwear,134,98,114.12,Summer,2.7,113.77,99.49
P102145,Clothing,138,565,96.95,Normal,4.2,109.96,76.52
P102146,Home Decor,874,1438,167.11,Normal,4.8,164.32,152.19
P102147,Electronics,427,281,803.42,Winter,4.6,920.59,768.56
P102148,Home Decor,340,1022,148.78,Normal,3.4,153.28,115.28
P102149,Footwear,627,591,126.02,Normal,3.1,144.58,108.87
P102150,Electronics,957,813,868.32,Festival,2.8,912.27,635.75
P102151,Grocery,436,1304,34.83,Festival,4.7,33.91,25.46
P102152,Electronics,328,1244,768.1,Normal,2.7,842.54,558.33
P102153,Footwear,865,1243,113.82,Normal,4.1,115.13,95.05
P102154,Footwear,101,619,168.06,Festival,3.4,161.9,114.36
P102155,Grocery,847,77,23.98,Normal,5.0,24.2,25.99
P102156,Home Decor,529,1477,165.69,Normal,3.8,184.82,131.27
P102157,Electronics,39,1491,533.41,Normal,3.9,574.87,378.93
P102158,Clothing,243,1287,73.71,Normal,4.8,68.32,56.31
P102159,Clothing,685,718,71.76,Summer,4.9,79.4,65.76
P102160,Electronics,757,424,743.29,Summer,4.0,740.68,697.99
P102161,Clothing,211,266,83.29,Festival,4.5,75.15,69.33
P102162,Clothing,664,559,90.88,Winter,4.1,83.59,72.83
P102163,Clothing,989,504,82.54,Festival,3.6,74.11,71.11
P102164,Clothing,692,417,89.83,Normal,2.6,95.46,75.87
P102165,Home Decor,708,1425,169.7,Normal,4.3,161.14,130.92
P102166,Clothing,209,990,80.79,Winter,4.3,73.2,55.66
P102167,Home Decor,644,338,197.17,Normal,2.8,192.97,175.49
P102168,Clothing,714,960,100.84,Summer,3.1,112.34,76.45
P102169,Clothing,128,1059,117.66,Festival,4.3,123.51,82.66
P102170,Grocery,325,786,25.07,Summer,2.9,25.35,18.68
P102171,Clothing,884,1420,115.82,Festival,4.2,124.85,93.6
P102172,Clothing,998,1448,102.26,Festival,4.3,92.09,82.83
P102173,Grocery,189,651,30.24,Normal,3.4,33.82,21.48
P102174,Electronics,737,711,638.13,Festival,3.1,592.17,483.13
P102175,Clothing,511,329,70.75,Winter,3.4,62.66,62.32
P102176,Grocery,598,1176,21.94,Summer,3.4,21.45,17.15
P102177,Clothing,520,1396,96.07,Summer,4.0,86.06,71.64
P102178,Footwear,869,988,105.52,Normal,4.4,97.62,84.59
P102179,Clothing,456,305,71.67,Normal,4.7,77.37,68.62
P102180,Home Decor,597,779,204.48,Winter,2.6,202.29,147.22
P102181,Footwear,675,1192,156.67,Winter,4.3,138.16,113.18
P102182,Home Decor,561,67,202.98,Winter,3.3,213.91,194.36
P102183,Home Decor,882,887,204.3,Normal,4.6,218.79,169.6
P102184,Electronics,252,987,620.6,Winter,2.7,697.26,447.71
P102185,Grocery,949,807,31.24,Summer,3.9,28.79,25.17
P102186,Electronics,684,965,581.53,Winter,3.9,646.34,469.04
P102187,Footwear,960,1344,119.77,Winter,3.3,128.32,102.25
P102188,Grocery,387,191,26.9,Winter,4.9,27.77,26.57
P102189,Clothing,489,858,75.58,Summer,2.8,71.85,53.81
P102190,Home Decor,62,1194,234.79,Festival,2.8,235.64,151.51
P102191,Electronics,925,1233,852.81,Festival,4.1,796.13,671.57
P102192,Grocery,819,703,24.14,Winter,3.8,25.93,20.75
P102193,Footwear,310,1496,116.64,Festival,3.2,124.8,85.93
P102194,Electronics,70,489,653.45,Festival,3.3,608.83,473.37
P102195,Grocery,702,663,20.5,Normal,2.9,19.44,17.04
P102196,Footwear,678,1236,145.12,Normal,4.7,163.01,117.59
P102197,Electronics,537,661,727.96,Summer,3.9,733.31,570.51
P102198,Grocery,173,518,21.99,Normal,3.1,22.62,17.45
P102199,Clothing,920,835,68.78,Normal,3.5,78.33,61.91
P102200,Footwear,443,934,140.59,Normal,4.8,131.58,109.52
P102201,Electronics,730,1455,805.27,Winter,4.7,844.99,634.47
P102202,Home Decor,861,928,232.54,Winter,2.7,253.23,180.11
P102203,Home Decor,557,282,164.73,Summer,4.1,159.17,148.24
P102204,Electronics,112,83,678.98,Normal,2.9,654.11,608.24
P102205,Clothing,889,1451,82.34,Festival,3.0,92.4,67.86
P102206,Grocery,673,637,30.8,Winter,4.7,27.93,24.25
P102207,Footwear,896,306,141.23,Festival,4.7,130.28,135.15
P102208,Clothing,620,338,92.22,Summer,2.7,91.39,79.46
P102209,Electronics,909,163,557.72,Summer,4.7,611.02,619.65
P102210,Electronics,870,303,885.51,Festival,4.3,888.03,857.0
P102211,Home Decor,231,1171,195.13,Festival,4.4,185.97,141.46
P102212,Clothing,189,984,94.59,Normal,4.5,93.98,68.36
P102213,Home Decor,177,901,191.14,Festival,3.8,191.2,131.03
P102214,Grocery,803,22,34.21,Festival,4.9,36.82,36.47
P102215,Home Decor,255,1010,157.98,Normal,3.0,176.08,117.29
P102216,Electronics,461,1453,739.98,Summer,3.8,715.36,550.96
P102217,Electronics,792,1385,750.8,Normal,3.3,804.34,600.01
P102218,Home Decor,440,596,177.49,Normal,4.6,189.81,146.25
P102219,Home Decor,80,902,176.5,Winter,2.7,191.87,124.78
P102220,Clothing,374,451,79.78,Summer,3.6,82.59,65.19
P102221,Clothing,112,1333,78.08,Summer,4.4,69.02,52.44
P102222,Clothing,397,1380,90.0,Summer,3.3,95.14,65.92
P102223,Clothing,741,338,79.22,Festival,3.1,82.81,71.55
P102224,Electronics,529,732,560.92,Summer,3.2,586.22,424.92
P102225,Home Decor,681,358,200.45,Festival,4.3,191.62,188.76
P102226,Clothing,124,923,77.38,Summer,3.2,70.14,54.47
P102227,Footwear,755,442,110.76,Summer,3.5,103.13,105.3
P102228,Electronics,436,1045,777.35,Winter,3.9,729.45,561.49
P102229,Electronics,301,1472,555.83,Summer,4.9,515.19,432.74
P102230,Grocery,658,1307,30.44,Normal,4.5,28.79,23.04
P102231,Clothing,152,277,97.16,Winter,3.0,87.3,74.57
P102232,Grocery,508,198,25.58,Summer,4.7,24.37,24.97
P102233,Electronics,433,1222,796.26,Summer,4.6,915.25,644.87
P102234,Home Decor,182,127,207.17,Winter,4.4,210.92,191.83
P102235,Footwear,953,603,150.83,Festival,3.8,146.76,124.19
P102236,Home Decor,375,1490,171.83,Normal,2.7,184.63,128.03
P102237,Electronics,59,674,761.44,Winter,4.3,766.58,527.55
P102238,Clothing,454,18,83.08,Festival,3.8,73.77,78.33
P102239,Clothing,967,1463,98.71,Festival,3.3,101.46,81.67
P102240,Grocery,675,1063,21.75,Normal,2.5,20.92,15.77
P102241,Clothing,644,499,95.48,Festival,3.1,98.74,83.66
P102242,Electronics,902,918,747.56,Winter,4.0,692.82,595.46
P102243,Clothing,102,920,70.95,Normal,2.8,71.68,48.11
P102244,Clothing,559,831,73.24,Normal,4.1,68.28,56.52
P102245,Clothing,334,1441,99.19,Winter,4.5,95.29,69.48
P102246,Electronics,682,1179,604.47,Normal,3.3,644.09,474.4
P102247,Clothing,855,392,68.89,Normal,2.7,64.85,63.06
P102248,Grocery,95,1488,24.78,Summer,2.8,24.59,16.44
P102249,Clothing,175,1443,97.77,Normal,3.4,87.97,61.89
P102250,Clothing,955,75,105.57,Festival,4.5,112.49,113.31
P102251,Grocery,502,449,31.49,Festival,4.1,32.29,25.75
P102252,Footwear,328,923,167.28,Festival,4.7,183.97,120.28
P102253,Clothing,169,1318,88.31,Normal,5.0,90.47,61.97
P102254,Grocery,367,1076,34.48,Festival,3.0,39.6,25.8
P102255,Home Decor,24,863,234.19,Festival,4.2,221.33,154.82
P102256,Grocery,238,462,30.68,Summer,3.7,33.15,24.99
P102257,Home Decor,199,149,207.65,Winter,3.7,206.97,182.12
P102258,Footwear,102,1339,112.07,Normal,3.3,110.0,78.83
P102259,Electronics,969,801,544.49,Normal,3.4,586.7,491.47
P102260,Clothing,794,688,71.3,Summer,4.2,81.14,64.53
P102261,Footwear,941,1470,124.84,Normal,4.1,135.33,111.2
P102262,Home Decor,255,250,222.81,Normal,3.3,215.94,184.02
P102263,Clothing,302,384,108.24,Festival,2.8,110.15,86.0
P102264,Electronics,297,1282,772.23,Summer,3.9,724.83,547.07
P102265,Grocery,567,430,32.61,Festival,4.3,34.16,27.77
P102266,Electronics,198,1414,809.09,Summer,3.9,799.95,556.16
P102267,Footwear,250,1287,144.53,Winter,2.5,136.09,88.84
P102268,Grocery,975,153,27.47,Festival,3.2,24.33,26.61
P102269,Footwear,365,689,124.17,Normal,4.4,140.3,98.82
P102270,Home Decor,785,1128,189.63,Winter,4.4,170.91,146.92
P102271,Grocery,244,736,22.28,Normal,2.5,21.59,15.31
P102272,Grocery,931,326,22.89,Normal,3.7,21.32,22.49
P102273,Footwear,699,72,116.51,Summer,3.6,118.07,117.17
P102274,Home Decor,864,15,165.87,Summer,4.1,154.7,187.78
P102275,Home Decor,526,271,164.42,Normal,2.8,177.37,155.64
P102276,Electronics,908,394,789.13,Normal,4.1,742.34,704.66
P102277,Grocery,375,456,25.64,Winter,4.9,23.85,22.01
P102278,Electronics,489,1283,901.86,Festival,3.4,846.45,640.86
P102279,Home Decor,80,765,180.05,Festival,3.3,172.91,122.83
P102280,Grocery,187,216,31.05,Normal,2.6,32.71,25.09
P102281,Clothing,775,129,91.91,Normal,2.6,86.08,90.31
P102282,Electronics,340,200,810.02,Summer,4.8,865.22,766.04
P102283,Clothing,119,473,86.2,Summer,4.9,85.87,66.87
P102284,Footwear,306,1109,135.08,Summer,2.5,126.05,90.57
P102285,Electronics,365,79,633.85,Normal,4.8,598.87,615.34
P102286,Electronics,722,612,653.75,Normal,2.9,668.38,535.68
P102287,Home Decor,108,674,205.71,Normal,3.9,202.05,139.42
P102288,Footwear,45,226,104.01,Summer,4.2,105.95,92.77
P102289,Electronics,729,92,640.99,Festival,3.4,704.71,657.53
P102290,Clothing,159,348,98.57,Summer,3.8,87.96,75.56
P102291,Home Decor,431,231,165.48,Winter,4.1,163.21,157.25
P102292,Footwear,689,1192,143.74,Winter,3.0,142.62,104.93
P102293,Grocery,523,1375,22.65,Normal,5.0,21.46,17.79
P102294,Clothing,140,936,80.54,Summer,3.0,80.49,56.64
P102295,Clothing,727,1139,89.32,Festival,2.5,92.27,65.29
P102296,Electronics,67,1142,670.05,Normal,4.9,695.47,474.59
P102297,Footwear,247,1317,141.06,Normal,3.6,149.64,96.4
P102298,Electronics,127,151,801.04,Summer,3.5,721.52,642.95
P102299,Electronics,522,1495,595.06,Normal,3.2,597.56,453.66
P102300,Footwear,696,689,136.67,Festival,2.6,148.23,108.6
P102301,Home Decor,656,816,225.12,Winter,3.2,225.76,162.6
P102302,Footwear,156,1196,121.57,Festival,3.5,128.53,88.19
P102303,Grocery,356,743,21.76,Normal,3.8,22.61,16.78
P102304,Grocery,163,402,27.19,Winter,3.6,27.34,20.9
P102305,Clothing,355,33,109.48,Festival,4.7,98.68,100.92
P102306,Clothing,245,257,81.79,Winter,4.8,85.96,77.58
P102307,Grocery,745,131,21.88,Summer,3.3,22.42,21.36
P102308,Clothing,755,575,98.89,Normal,4.9,87.18,85.56
P102309,Grocery,822,1169,31.51,Summer,4.7,29.49,24.28
P102310,Home Decor,216,503,209.94,Winter,4.8,188.23,154.41
P102311,Home Decor,33,897,212.4,Winter,4.3,219.61,146.73
P102312,Electronics,54,282,841.61,Winter,3.0,744.06,640.98
P102313,Clothing,846,887,93.01,Winter,3.0,103.01,73.55
P102314,Electronics,907,1431,888.97,Festival,4.8,1009.7,757.2
P102315,Clothing,227,476,86.44,Winter,3.8,98.83,76.17
P102316,Clothing,878,727,75.65,Summer,4.7,71.2,64.03
P102317,Electronics,539,1444,765.69,Normal,4.3,776.17,630.01
P102318,Footwear,201,914,133.71,Normal,3.0,149.84,98.52
P102319,Grocery,326,601,25.03,Winter,3.5,26.67,19.78
P102320,Home Decor,280,186,207.59,Winter,4.9,199.43,189.3
P102321,Electronics,768,1406,784.04,Summer,2.5,866.5,595.66
P102322,Electronics,204,917,626.82,Summer,4.3,648.73,467.15
P102323,Clothing,199,90,97.55,Winter,4.9,105.07,93.83
P102324,Electronics,725,835,553.22,Normal,2.8,631.63,450.1
P102325,Clothing,316,1452,87.1,Normal,3.2,100.1,61.75
P102326,Home Decor,265,1398,238.41,Winter,3.9,242.3,172.07
P102327,Electronics,811,297,775.15,Normal,4.6,714.91,743.49
P102328,Electronics,932,621,824.41,Winter,3.8,863.39,678.88
P102329,Grocery,564,1479,29.48,Winter,2.6,31.07,21.6
P102330,Grocery,831,1174,26.99,Winter,2.8,27.92,21.66
P102331,Grocery,844,842,28.61,Summer,3.4,28.44,22.87
P102332,Clothing,596,459,76.65,Normal,3.3,79.49,65.66
P102333,Footwear,833,1145,134.54,Winter,3.0,137.79,107.5
P102334,Electronics,28,870,806.93,Festival,4.6,915.92,575.63
P102335,Clothing,54,788,89.36,Winter,2.6,98.85,60.92
P102336,Footwear,885,1390,119.66,Normal,4.6,118.02,97.2
P102337,Home Decor,157,569,206.39,Festival,4.8,213.44,141.84
P102338,Clothing,733,939,90.82,Festival,4.1,93.8,70.48
P102339,Grocery,431,70,23.6,Summer,4.1,24.03,23.94
P102340,Electronics,792,1068,655.57,Normal,2.9,587.18,487.28
P102341,Electronics,671,823,667.77,Festival,3.9,716.12,546.19
P102342,Electronics,90,1314,832.09,Winter,3.4,896.53,581.41
P102343,Footwear,350,502,102.0,Normal,3.1,103.09,83.11
P102344,Clothing,714,1388,97.24,Summer,4.0,109.24,77.3
P102345,Footwear,923,865,117.5,Winter,2.5,134.61,90.6
P102346,Electronics,808,316,910.34,Festival,3.2,1000.91,815.29
P102347,Home Decor,894,244,215.55,Winter,4.1,243.68,215.28
P102348,Home Decor,957,297,232.02,Winter,3.6,234.71,223.12
P102349,Electronics,896,456,822.8,Winter,2.9,927.17,735.9
P102350,Electronics,588,827,750.82,Summer,2.5,850.27,555.83
P102351,Electronics,349,1303,592.66,Summer,3.2,621.32,430.44
P102352,Home Decor,517,1493,195.8,Summer,3.9,180.27,139.71
P102353,Clothing,799,1018,77.29,Normal,3.8,71.19,62.65
P102354,Grocery,436,737,35.43,Festival,2.8,35.69,24.5
P102355,Clothing,834,921,112.81,Festival,4.0,121.68,91.47
P102356,Footwear,707,499,121.48,Winter,5.0,123.35,104.76
P102357,Grocery,225,371,27.72,Normal,4.0,30.38,24.04
P102358,Grocery,922,808,24.86,Summer,3.8,27.04,20.76
P102359,Home Decor,849,1242,212.1,Winter,4.1,198.31,163.91
P102360,Electronics,607,101,831.4,Festival,4.7,761.44,819.0
P102361,Home Decor,210,170,198.38,Winter,4.9,212.38,184.52
P102362,Electronics,242,269,778.51,Normal,2.6,752.44,632.2
P102363,Grocery,842,318,23.15,Normal,3.0,26.19,22.37
P102364,Home Decor,37,227,209.32,Normal,2.8,233.29,173.78
P102365,Footwear,493,199,138.0,Summer,4.4,138.25,124.91
P102366,Footwear,626,46,116.3,Summer,2.6,120.57,115.6
P102367,Clothing,247,525,82.51,Summer,4.8,91.48,70.46
P102368,Clothing,867,1084,67.97,Normal,2.6,75.81,58.98
P102369,Clothing,531,239,86.16,Normal,4.0,88.77,79.34
P102370,Grocery,84,491,30.04,Normal,3.2,34.32,22.88
P102371,Grocery,333,1460,23.07,Winter,3.7,23.55,16.81
P102372,Clothing,409,256,70.14,Normal,3.6,62.5,61.96
P102373,Clothing,238,1480,96.67,Festival,4.4,99.76,67.51
P102374,Clothing,941,770,75.27,Normal,3.7,82.03,60.14
P102375,Clothing,373,1087,88.65,Festival,3.6,101.59,65.02
P102376,Electronics,511,488,732.85,Summer,4.3,665.76,598.87
P102377,Home Decor,544,490,184.73,Summer,4.8,184.54,161.54
P102378,Grocery,236,592,29.58,Normal,4.5,30.72,23.28
P102379,Electronics,576,196,692.05,Winter,4.3,773.71,708.44
P102380,Footwear,366,476,137.96,Winter,3.7,148.07,112.57
P102381,Home Decor,30,1342,189.1,Winter,4.8,178.22,123.41
P102382,Clothing,419,10,78.87,Winter,3.7,87.71,81.85
P102383,Electronics,592,860,664.74,Normal,4.8,704.19,539.26
P102384,Electronics,134,1034,756.41,Summer,4.5,848.45,548.72
P102385,Electronics,783,216,823.29,Summer,2.9,909.97,808.48
P102386,Footwear,667,170,100.58,Normal,2.6,92.02,96.86
P102387,Home Decor,323,830,222.74,Festival,4.4,253.77,168.9
P102388,Electronics,600,332,732.08,Summer,4.2,734.02,669.9
P102389,Footwear,317,1467,105.91,Summer,4.0,121.3,86.12
P102390,Electronics,654,289,787.7,Summer,4.9,732.94,716.08
P102391,Grocery,170,200,24.87,Winter,3.9,27.22,22.16
P102392,Footwear,618,500,147.85,Summer,3.4,142.28,119.1
P102393,Clothing,73,501,87.15,Summer,3.9,77.74,61.5
P102394,Electronics,36,244,575.51,Normal,2.6,660.91,498.05
P102395,Grocery,269,999,28.45,Normal,3.9,27.36,19.98
P102396,Home Decor,190,523,159.77,Normal,4.8,144.07,127.68
P102397,Clothing,500,792,95.8,Winter,2.5,106.57,69.2
P102398,Electronics,182,368,804.42,Winter,4.6,801.73,688.67
P102399,Electronics,259,149,693.86,Normal,4.5,718.59,665.35
P102400,Grocery,115,96,23.41,Normal,2.8,26.83,21.61
P102401,Grocery,889,83,29.74,Festival,4.6,30.03,31.6
P102402,Footwear,740,1306,133.18,Winter,4.4,119.62,106.45
P102403,Footwear,233,400,140.72,Winter,3.7,150.09,114.05
P102404,Home Decor,137,461,232.07,Festival,3.1,248.74,172.39
P102405,Footwear,853,870,140.49,Festival,3.2,131.0,106.81
P102406,Clothing,674,147,94.43,Summer,4.0,97.01,93.66
P102407,Grocery,888,903,28.79,Normal,3.1,28.21,22.55
P102408,Clothing,194,784,105.67,Festival,3.3,94.42,69.63
P102409,Clothing,371,1188,88.46,Festival,4.8,85.28,64.12
P102410,Home Decor,135,189,189.45,Summer,4.3,213.24,168.53
P102411,Footwear,434,30,120.73,Normal,4.3,116.03,117.76
P102412,Home Decor,179,1160,210.82,Normal,4.9,198.22,150.59
P102413,Clothing,24,558,96.2,Summer,2.5,109.1,67.57
P102414,Grocery,518,97,35.18,Festival,3.1,34.59,30.53
P102415,Grocery,979,836,27.12,Festival,4.1,30.76,23.56
P102416,Electronics,652,699,742.19,Normal,3.6,829.52,589.79
P102417,Clothing,761,1426,98.41,Summer,2.8,99.1,69.93
P102418,Grocery,815,1416,22.29,Normal,4.5,21.93,18.74
P102419,Electronics,972,810,576.81,Winter,2.6,529.04,449.82
P102420,Home Decor,145,242,160.44,Summer,3.9,149.44,146.3
P102421,Electronics,265,1123,723.51,Summer,3.9,682.09,506.02
P102422,Electronics,623,306,670.38,Summer,4.1,675.07,637.34
P102423,Footwear,824,1257,114.97,Winter,3.3,112.73,91.23
P102424,Electronics,778,902,803.18,Festival,2.6,880.37,605.12
P102425,Home Decor,733,534,208.4,Normal,4.7,200.08,177.51
P102426,Footwear,326,1469,146.84,Summer,4.8,146.05,110.52
P102427,Electronics,377,773,743.11,Normal,3.7,678.55,531.06
P102428,Footwear,98,581,148.42,Summer,2.6,141.47,96.75
P102429,Grocery,327,287,31.85,Festival,4.0,34.77,27.3
P102430,Footwear,172,974,141.59,Normal,3.3,151.63,94.63
P102431,Footwear,939,408,119.93,Normal,3.0,118.56,113.51
P102432,Footwear,109,232,168.02,Festival,2.9,174.05,129.22
P102433,Grocery,376,181,30.13,Normal,2.9,30.24,26.73
P102434,Clothing,889,963,91.89,Summer,3.3,103.07,75.89
P102435,Footwear,956,1382,124.26,Summer,3.2,122.59,99.99
P102436,Home Decor,389,382,179.57,Winter,4.6,193.03,161.12
P102437,Grocery,476,329,24.72,Summer,3.7,23.21,22.38
P102438,Footwear,532,921,111.54,Winter,3.6,111.23,85.9
P102439,Clothing,825,218,69.24,Summer,2.9,70.83,66.45
P102440,Footwear,773,137,119.78,Normal,4.7,108.79,118.11
P102441,Home Decor,533,958,150.9,Normal,2.6,156.73,108.21
P102442,Electronics,384,789,779.12,Normal,3.1,806.52,572.24
P102443,Electronics,384,47,714.66,Normal,4.1,659.54,694.89
P102444,Grocery,656,359,30.46,Summer,4.3,35.01,29.63
P102445,Grocery,838,301,26.04,Summer,4.5,23.56,24.77
P102446,Grocery,95,1024,27.03,Festival,3.5,30.32,18.26
P102447,Electronics,773,1000,724.68,Festival,3.4,733.89,545.92
P102448,Clothing,491,1122,100.7,Winter,3.2,94.67,68.34
P102449,Grocery,162,153,23.12,Winter,3.9,21.05,20.39
P102450,Grocery,114,1272,33.05,Festival,3.4,35.32,23.19
P102451,Grocery,350,317,23.61,Summer,3.3,25.59,22.0
P102452,Footwear,263,1488,123.62,Winter,2.5,131.26,85.11
P102453,Grocery,122,1308,21.76,Winter,4.9,21.62,14.82
P102454,Footwear,307,691,145.28,Festival,2.7,134.62,95.11
P102455,Grocery,837,1179,21.88,Normal,3.2,23.92,19.07
P102456,Grocery,723,1007,35.09,Festival,4.8,39.14,28.53
P102457,Grocery,224,1161,21.55,Normal,4.3,21.24,15.85
P102458,Electronics,680,32,602.98,Normal,3.9,667.57,651.38
P102459,Clothing,462,130,68.09,Summer,4.2,71.61,67.98
P102460,Grocery,752,1358,36.78,Festival,2.7,37.6,26.0
P102461,Home Decor,262,1173,232.75,Festival,4.5,243.19,177.0
P102462,Footwear,80,925,155.3,Festival,3.1,141.18,102.8
P102463,Electronics,326,471,698.36,Summer,4.9,638.2,557.83
P102464,Grocery,994,634,29.83,Normal,3.1,32.11,24.31
P102465,Clothing,564,592,70.56,Normal,4.1,80.57,63.14
P102466,Footwear,73,654,143.49,Summer,3.9,145.95,101.16
P102467,Footwear,975,944,144.25,Summer,2.9,129.04,110.19
P102468,Grocery,829,1138,21.52,Summer,3.4,19.33,17.58
P102469,Grocery,552,578,21.93,Normal,4.5,22.06,18.29
P102470,Clothing,745,1251,99.62,Festival,3.0,105.35,78.34
P102471,Clothing,201,140,70.76,Summer,4.9,65.23,65.62
P102472,Home Decor,599,1212,169.46,Normal,3.2,150.63,127.58
P102473,Footwear,914,1016,126.38,Winter,4.1,136.11,105.8
P102474,Grocery,450,768,23.52,Winter,4.0,21.63,18.06
P102475,Clothing,58,565,95.21,Winter,3.7,95.05,64.14
P102476,Electronics,761,559,792.22,Festival,4.1,854.18,700.53
P102477,Electronics,735,543,839.96,Festival,4.4,767.58,677.42
P102478,Electronics,745,1418,705.5,Winter,4.0,705.18,557.87
P102479,Clothing,655,45,84.58,Winter,3.9,76.97,86.07
P102480,Home Decor,154,953,185.71,Normal,4.0,180.85,126.4
P102481,Grocery,132,1483,35.6,Festival,3.5,40.1,23.87
P102482,Clothing,796,817,79.22,Normal,2.7,84.39,61.89
P102483,Electronics,858,960,840.76,Festival,2.9,745.12,601.86
P102484,Clothing,96,899,94.29,Normal,4.0,86.4,60.35
P102485,Footwear,589,761,138.28,Winter,4.8,132.65,106.52
P102486,Clothing,510,946,73.38,Normal,2.6,82.31,56.8
P102487,Footwear,363,1355,110.97,Winter,3.9,120.04,86.95
P102488,Footwear,652,1071,132.76,Summer,3.1,138.96,98.56
P102489,Electronics,915,1275,758.4,Summer,3.9,698.64,576.49
P102490,Grocery,825,832,29.63,Summer,4.4,33.5,24.74
P102491,Home Decor,170,1161,201.3,Normal,4.3,221.07,145.94
P102492,Clothing,473,1313,65.72,Normal,4.3,62.08,50.97
P102493,Electronics,937,321,749.29,Normal,4.4,741.17,718.36
P102494,Home Decor,252,1290,200.23,Summer,2.7,199.36,137.49
P102495,Home Decor,856,1031,224.09,Normal,3.8,232.74,173.63
P102496,Grocery,500,666,28.72,Normal,3.2,28.18,21.38
P102497,Grocery,530,1162,26.63,Winter,4.8,24.95,20.13
P102498,Electronics,265,256,851.94,Festival,4.5,903.13,750.97
P102499,Footwear,920,1049,130.18,Normal,2.8,138.38,107.56
P102500,Grocery,538,867,24.85,Summer,3.1,24.84,17.71
P102501,Electronics,583,1332,804.9,Festival,3.6,814.08,558.04
P102502,Footwear,473,933,108.95,Normal,4.9,97.36,81.94
P102503,Home Decor,107,790,159.03,Summer,2.8,159.53,104.68
P102504,Footwear,784,787,144.4,Winter,3.9,158.28,107.28
P102505,Clothing,342,834,93.0,Festival,3.4,96.69,70.02
P102506,Electronics,255,1336,744.22,Normal,4.1,839.92,562.4
P102507,Home Decor,786,1178,185.4,Normal,4.1,199.02,156.05
P102508,Home Decor,215,144,210.28,Normal,3.1,229.19,185.72
P102509,Grocery,689,800,33.57,Festival,4.5,33.7,26.1
P102510,Grocery,484,434,33.88,Festival,2.7,31.4,25.79
P102511,Grocery,803,250,29.64,Festival,4.5,33.38,30.77
P102512,Clothing,69,1299,116.42,Festival,3.0,123.17,75.9
P102513,Electronics,779,1286,665.66,Summer,4.0,749.24,556.36
P102514,Electronics,244,1409,754.68,Normal,3.4,789.95,530.93
P102515,Clothing,873,593,82.44,Normal,4.0,82.67,74.94
P102516,Home Decor,366,641,195.64,Festival,3.2,179.28,142.55
P102517,Electronics,26,1168,708.78,Normal,3.9,699.84,461.82
P102518,Clothing,497,293,81.74,Normal,2.5,85.12,72.53
P102519,Grocery,73,86,24.74,Winter,3.4,27.99,23.23
P102520,Electronics,284,633,659.12,Summer,4.6,727.61,531.35
P102521,Electronics,722,945,595.03,Summer,3.7,606.07,479.27
P102522,Grocery,569,686,32.98,Winter,3.7,33.01,24.18
P102523,Clothing,714,320,92.99,Winter,4.1,82.67,83.08
P102524,Grocery,880,781,23.04,Summer,3.6,22.46,18.02
P102525,Home Decor,478,1414,212.98,Summer,4.7,243.86,168.13
P102526,Electronics,552,415,722.26,Summer,3.5,780.1,623.74
P102527,Home Decor,77,603,203.53,Normal,4.9,207.94,158.48
P102528,Home Decor,301,472,192.84,Normal,4.7,214.6,173.85
P102529,Footwear,729,443,107.61,Winter,3.6,95.37,91.1
P102530,Grocery,80,985,23.37,Summer,3.4,26.6,16.95
P102531,Grocery,372,565,29.63,Summer,4.2,31.67,23.7
P102532,Grocery,153,934,29.47,Summer,4.4,26.04,20.09
P102533,Footwear,860,34,145.54,Winter,3.0,155.8,150.68
P102534,Electronics,569,994,553.37,Summer,3.1,499.39,407.85
P102535,Home Decor,651,162,222.51,Winter,2.9,234.24,209.23
P102536,Grocery,690,569,25.22,Normal,4.4,24.24,21.42
P102537,Footwear,239,1309,158.35,Festival,4.3,148.41,112.97
P102538,Clothing,68,508,74.96,Normal,3.0,78.68,55.92
P102539,Electronics,409,1048,770.53,Summer,3.8,768.36,560.83
P102540,Grocery,201,530,32.92,Winter,4.4,29.55,24.55
P102541,Grocery,335,1354,23.23,Normal,4.9,25.6,18.8
P102542,Clothing,332,1427,98.13,Winter,2.9,93.41,65.58
P102543,Clothing,786,1363,101.96,Festival,3.3,106.75,81.19
P102544,Clothing,333,595,74.99,Normal,3.4,78.33,55.3
P102545,Grocery,168,479,27.92,Festival,4.1,25.0,20.46
P102546,Clothing,959,911,96.21,Winter,2.8,110.58,79.75
P102547,Home Decor,68,1225,200.14,Festival,3.0,200.31,128.37
P102548,Electronics,219,786,562.75,Summer,4.5,526.42,399.49
P102549,Clothing,360,1108,98.53,Summer,3.9,98.33,69.39
P102550,Clothing,81,1314,88.44,Summer,2.9,92.22,57.77
P102551,Grocery,901,1129,28.65,Normal,3.5,25.24,22.14
P102552,Grocery,365,556,26.98,Normal,2.8,25.93,20.88
P102553,Grocery,786,378,27.62,Winter,3.4,28.3,25.26
P102554,Home Decor,151,654,213.41,Summer,3.5,227.82,159.17
P102555,Clothing,531,864,66.71,Normal,2.8,64.34,47.5
P102556,Footwear,144,1264,114.49,Normal,2.6,113.24,77.85
P102557,Electronics,247,454,750.88,Winter,4.7,705.63,624.15
P102558,Clothing,419,245,103.96,Winter,4.7,99.71,94.4
P102559,Grocery,865,476,24.73,Normal,2.5,26.35,22.97
P102560,Electronics,320,893,805.59,Normal,4.1,782.28,558.56
P102561,Grocery,759,352,28.62,Normal,2.7,27.35,25.42
P102562,Footwear,109,602,130.83,Winter,4.5,125.67,95.67
P102563,Footwear,266,388,124.16,Summer,4.7,129.8,110.17
P102564,Grocery,612,1478,23.2,Winter,4.0,23.93,19.37
P102565,Grocery,478,771,28.74,Winter,4.0,28.45,20.75
P102566,Clothing,511,1083,67.4,Normal,3.4,70.82,49.34
P102567,Electronics,684,782,672.51,Summer,3.1,708.53,551.93
P102568,Electronics,95,20,707.34,Festival,3.7,624.96,622.93
P102569,Grocery,701,399,30.78,Normal,2.8,29.9,25.83
P102570,Home Decor,865,1260,175.72,Normal,4.2,166.22,142.12
P102571,Electronics,770,769,790.3,Festival,3.7,872.38,597.16
P102572,Grocery,299,1056,24.54,Normal,2.9,23.42,17.21
P102573,Footwear,363,1143,108.64,Summer,4.0,104.91,79.62
P102574,Footwear,962,843,123.59,Winter,4.5,126.7,105.31
P102575,Grocery,794,868,29.74,Summer,4.0,30.57,23.59
P102576,Grocery,932,358,27.18,Normal,3.8,29.87,24.67
P102577,Footwear,915,377,120.97,Normal,4.6,119.12,119.64
P102578,Home Decor,445,228,217.45,Summer,2.5,207.86,183.79
P102579,Electronics,146,449,550.18,Summer,4.0,574.52,468.67
P102580,Home Decor,243,944,224.27,Winter,3.5,241.46,157.22
P102581,Electronics,308,1393,582.62,Winter,3.0,668.85,442.99
P102582,Home Decor,838,662,214.96,Normal,4.9,225.05,185.89
P102583,Electronics,290,905,821.78,Summer,3.5,832.05,575.2
P102584,Electronics,374,1293,761.96,Normal,3.3,697.9,530.45
P102585,Electronics,854,1017,635.4,Festival,2.9,728.47,531.11
P102586,Clothing,180,397,88.72,Winter,5.0,94.49,79.87
P102587,Clothing,670,425,96.93,Summer,4.6,89.62,82.79
P102588,Electronics,560,958,685.33,Normal,2.7,688.15,495.52
P102589,Clothing,984,435,92.02,Festival,3.9,94.9,89.76
P102590,Clothing,499,377,86.7,Winter,2.9,81.37,71.31
P102591,Footwear,530,889,108.72,Winter,4.3,117.17,90.92
P102592,Home Decor,853,956,186.01,Normal,3.7,196.36,152.98
P102593,Grocery,991,383,20.8,Normal,2.8,19.62,19.63
P102594,Electronics,734,77,713.03,Normal,3.9,818.01,778.63
P102595,Clothing,704,1153,93.26,Festival,4.8,105.95,78.72
P102596,Home Decor,878,590,162.41,Normal,3.4,154.56,133.37
P102597,Electronics,980,951,570.13,Winter,2.6,569.72,468.04
P102598,Clothing,740,263,97.32,Normal,4.9,109.15,96.53
P102599,Home Decor,306,475,202.1,Winter,2.9,200.02,162.08
P102600,Home Decor,649,910,233.26,Festival,3.7,265.4,190.35
P102601,Clothing,251,190,92.41,Normal,3.9,86.32,83.26
P102602,Footwear,510,478,130.73,Normal,3.1,140.6,110.84
P102603,Clothing,455,1079,94.18,Festival,2.9,98.12,66.72
P102604,Footwear,987,1158,154.32,Festival,2.8,150.23,118.79
P102605,Electronics,563,532,603.58,Normal,2.7,648.12,492.48
P102606,Electronics,959,176,689.9,Normal,3.8,611.62,719.5
P102607,Grocery,811,43,22.71,Normal,4.6,21.4,25.4
P102608,Clothing,851,836,100.07,Summer,2.8,95.13,74.82
P102609,Footwear,185,1041,132.18,Winter,4.3,120.51,94.03
P102610,Clothing,779,892,73.64,Normal,3.5,65.48,56.04
P102611,Home Decor,266,610,197.11,Normal,2.6,192.24,136.5
P102612,Footwear,586,38,103.06,Normal,3.8,96.77,98.88
P102613,Grocery,496,343,25.17,Normal,3.1,23.05,21.36
P102614,Footwear,274,58,151.67,Winter,4.0,139.91,134.63
P102615,Clothing,985,696,97.54,Winter,3.4,107.59,83.14
P102616,Grocery,877,465,28.06,Normal,4.2,25.41,24.78
P102617,Electronics,582,111,704.41,Winter,4.8,757.74,737.07
P102618,Home Decor,30,915,182.19,Normal,3.1,162.98,121.07
P102619,Footwear,199,558,98.98,Normal,4.8,88.19,74.88
P102620,Home Decor,242,1444,194.04,Normal,3.0,193.93,137.72
P102621,Home Decor,972,629,203.8,Winter,2.7,200.35,164.92
P102622,Home Decor,415,140,148.01,Normal,3.0,152.06,145.17
P102623,Clothing,65,1059,72.42,Summer,4.5,77.47,55.56
P102624,Home Decor,594,1056,153.02,Summer,4.2,147.46,126.74
P102625,Grocery,951,1394,24.61,Winter,4.9,22.95,20.77
P102626,Clothing,569,1040,67.7,Summer,4.3,74.61,56.84
P102627,Grocery,455,545,24.99,Normal,3.5,23.1,20.3
P102628,Clothing,192,1005,81.99,Normal,4.7,89.82,58.82
P102629,Clothing,881,1198,83.05,Summer,4.9,86.25,68.87
P102630,Clothing,122,776,72.46,Normal,4.5,69.43,51.67
P102631,Electronics,934,1193,801.62,Festival,3.9,773.44,610.41
P102632,Grocery,237,1450,29.25,Normal,4.6,28.67,20.7
P102633,Home Decor,155,1133,170.14,Normal,2.9,176.88,117.62
P102634,Grocery,361,755,28.16,Festival,4.8,32.22,22.14
P102635,Grocery,24,741,27.13,Summer,5.0,26.2,18.92
P102636,Clothing,33,1258,75.85,Summer,4.2,86.04,57.91
P102637,Grocery,202,1309,28.47,Festival,3.0,26.64,19.22
P102638,Electronics,698,397,659.46,Normal,2.9,600.43,561.98
P102639,Footwear,818,19,139.63,Festival,4.9,142.94,151.13
P102640,Electronics,262,1210,807.4,Winter,4.7,923.38,608.44
P102641,Footwear,651,357,146.47,Summer,4.4,148.07,133.09
P102642,Footwear,364,1494,119.19,Normal,4.9,130.63,101.87
P102643,Grocery,444,59,26.83,Winter,3.8,27.04,25.12
P102644,Home Decor,348,1365,221.66,Normal,4.7,245.94,164.37
P102645,Clothing,893,1018,82.91,Normal,2.9,91.15,65.32
P102646,Home Decor,521,459,237.93,Winter,3.0,253.46,195.74
P102647,Footwear,516,57,141.89,Summer,3.8,148.44,140.09
P102648,Footwear,862,1270,118.76,Winter,3.3,121.12,93.95
P102649,Footwear,664,183,116.83,Winter,3.6,133.0,122.29
P102650,Home Decor,166,147,159.91,Normal,4.5,164.79,153.39
P102651,Home Decor,205,1186,210.0,Normal,2.6,203.91,142.65
P102652,Clothing,353,1018,78.44,Summer,4.3,87.71,63.68
P102653,Footwear,115,195,157.26,Festival,2.7,166.41,122.51
P102654,Footwear,698,516,130.06,Summer,4.6,134.05,117.92
P102655,Clothing,505,1001,96.83,Summer,3.0,103.05,68.17
P102656,Home Decor,63,989,205.71,Normal,4.3,200.4,141.34
P102657,Clothing,412,546,67.79,Normal,4.0,67.36,56.96
P102658,Grocery,833,621,24.14,Normal,3.5,22.52,20.06
P102659,Electronics,908,124,698.72,Summer,3.2,776.18,715.34
P102660,Clothing,962,18,110.03,Festival,2.6,116.6,114.44
P102661,Home Decor,924,1451,215.04,Winter,3.4,237.09,169.5
P102662,Clothing,615,350,84.5,Normal,3.0,81.6,74.93
P102663,Clothing,928,1391,110.22,Festival,2.8,126.62,84.79
P102664,Clothing,957,68,80.56,Normal,4.3,78.66,87.48
P102665,Grocery,642,1484,21.73,Summer,3.0,21.2,17.9
P102666,Footwear,424,643,151.92,Winter,3.1,173.09,124.09
P102667,Home Decor,966,1210,188.36,Normal,3.4,199.07,148.36
P102668,Electronics,426,1260,804.49,Winter,3.7,910.7,593.33
P102669,Grocery,183,531,29.16,Festival,3.8,30.57,22.18
P102670,Grocery,124,1108,31.66,Festival,4.2,29.96,22.64
P102671,Grocery,576,504,24.06,Normal,4.0,23.71,20.68
P102672,Clothing,54,1184,82.08,Summer,3.7,91.27,60.5
P102673,Clothing,136,1438,70.67,Normal,3.5,71.53,51.11
P102674,Grocery,259,1211,30.18,Winter,3.2,32.34,20.43
P102675,Grocery,539,1093,24.92,Winter,4.3,23.05,17.72
P102676,Grocery,488,561,28.02,Festival,3.3,27.68,21.65
P102677,Grocery,520,167,25.77,Winter,4.6,28.51,27.6
P102678,Footwear,517,761,120.7,Normal,4.0,136.88,97.31
P102679,Footwear,994,198,128.13,Normal,4.1,123.97,134.41
P102680,Clothing,233,765,89.09,Normal,3.8,82.55,58.31
P102681,Footwear,484,1304,133.27,Normal,4.8,118.12,97.29
P102682,Home Decor,620,174,180.39,Normal,3.6,164.95,172.97
P102683,Electronics,288,1351,707.75,Winter,3.6,782.51,503.18
P102684,Grocery,197,899,22.01,Normal,4.7,22.08,16.53
P102685,Clothing,65,75,86.05,Summer,4.0,82.5,74.1
P102686,Footwear,339,1081,143.66,Normal,3.6,156.5,107.2
P102687,Clothing,269,5,96.1,Festival,3.2,105.15,91.51
P102688,Footwear,211,918,146.8,Normal,3.1,143.54,100.2
P102689,Clothing,285,763,75.22,Winter,4.5,84.5,60.6
P102690,Grocery,702,1120,30.13,Winter,3.2,30.28,22.45
P102691,Home Decor,830,567,208.47,Summer,2.5,198.16,171.23
P102692,Clothing,526,182,94.39,Winter,2.5,105.99,86.06
P102693,Home Decor,85,583,210.84,Winter,4.9,194.25,157.54
P102694,Home Decor,741,1143,153.81,Summer,3.9,176.71,123.7
P102695,Home Decor,168,1430,217.34,Winter,3.7,227.25,147.53
P102696,Electronics,76,316,793.74,Festival,4.8,894.66,724.34
P102697,Footwear,577,530,132.97,Winter,3.4,123.44,107.97
P102698,Electronics,436,1315,547.22,Normal,4.5,539.04,441.32
P102699,Clothing,325,472,74.24,Summer,4.3,82.84,63.72
P102700,Home Decor,967,371,257.37,Festival,3.7,284.66,238.93
P102701,Footwear,109,1248,118.12,Summer,4.4,131.75,86.99
P102702,Grocery,72,740,29.19,Festival,4.9,27.89,20.19
P102703,Clothing,595,877,85.09,Festival,3.0,89.07,68.05
P102704,Footwear,430,733,154.6,Festival,2.5,152.32,109.18
P102705,Footwear,805,906,144.82,Winter,4.6,139.98,114.95
P102706,Grocery,59,406,35.88,Festival,3.5,36.61,26.98
P102707,Home Decor,430,1099,196.84,Summer,3.9,211.22,152.4
P102708,Clothing,163,545,79.59,Winter,3.1,81.18,57.71
P102709,Electronics,60,787,586.0,Winter,4.6,552.15,385.04
P102710,Grocery,473,282,23.36,Normal,4.3,25.65,23.1
P102711,Home Decor,740,21,207.19,Winter,4.9,237.02,232.23
P102712,Clothing,174,857,99.11,Normal,3.7,96.93,64.4
P102713,Clothing,845,212,72.42,Winter,4.9,80.34,75.51
P102714,Electronics,528,1369,660.79,Summer,3.8,735.63,536.04
P102715,Home Decor,490,1439,211.2,Winter,4.1,200.71,152.04
P102716,Clothing,924,478,87.93,Summer,4.2,94.12,83.58
P102717,Grocery,342,436,32.46,Festival,3.7,36.79,26.99
P102718,Home Decor,216,764,183.45,Normal,3.9,198.08,134.56
P102719,Electronics,790,310,607.64,Normal,3.1,539.65,544.26
P102720,Grocery,125,1293,27.23,Winter,3.4,28.41,18.78
P102721,Grocery,874,157,25.34,Summer,4.3,27.62,27.64
P102722,Footwear,828,681,135.0,Normal,2.6,141.33,106.43
P102723,Clothing,977,287,73.65,Summer,4.3,65.38,72.64
P102724,Clothing,471,1247,87.63,Winter,3.3,79.96,63.15
P102725,Electronics,629,220,801.06,Normal,3.2,878.31,763.56
P102726,Footwear,884,672,133.39,Winter,4.2,134.96,109.17
P102727,Footwear,148,1251,113.96,Summer,3.0,129.76,82.4
P102728,Electronics,320,663,842.24,Winter,4.9,835.54,625.92
P102729,Clothing,482,280,87.32,Festival,5.0,96.21,84.68
P102730,Home Decor,634,240,211.91,Summer,3.6,188.51,194.35
P102731,Electronics,685,909,665.06,Festival,3.5,736.28,539.81
P102732,Clothing,924,191,100.61,Winter,2.7,111.87,103.78
P102733,Grocery,499,536,23.79,Winter,4.4,23.26,20.32
P102734,Clothing,188,919,83.91,Winter,2.9,80.85,56.23
P102735,Clothing,206,572,98.82,Normal,4.8,111.24,79.32
P102736,Grocery,804,1241,28.33,Winter,5.0,30.88,24.04
P102737,Electronics,471,1033,606.79,Normal,2.8,631.94,458.49
P102738,Grocery,638,207,21.74,Winter,4.2,21.69,21.25
P102739,Footwear,571,1226,101.71,Summer,3.7,114.56,83.08
P102740,Grocery,816,1365,24.86,Winter,3.9,26.89,20.23
P102741,Electronics,234,307,802.7,Festival,2.9,796.72,660.07
P102742,Home Decor,187,541,196.24,Winter,4.3,199.01,144.77
P102743,Electronics,738,595,790.67,Normal,2.9,716.8,611.16
P102744,Footwear,445,640,137.83,Normal,4.7,151.46,108.34
P102745,Clothing,819,698,97.41,Normal,3.6,107.86,81.0
P102746,Footwear,146,1342,147.27,Festival,4.1,143.74,99.25
P102747,Electronics,286,978,776.26,Festival,4.8,748.0,528.84
P102748,Electronics,960,1344,815.64,Festival,4.3,773.31,664.81
P102749,Grocery,846,528,25.97,Winter,3.9,24.07,20.89
P102750,Electronics,81,789,591.92,Normal,3.5,672.37,432.21
P102751,Clothing,820,164,94.38,Normal,3.7,102.4,97.12
P102752,Footwear,84,418,141.53,Winter,3.4,141.1,112.25
P102753,Home Decor,137,878,172.81,Normal,4.9,157.21,115.91
P102754,Electronics,900,262,657.74,Normal,3.1,603.57,611.6
P102755,Home Decor,143,1440,174.95,Winter,3.5,187.49,130.32
P102756,Footwear,314,411,127.44,Normal,4.4,119.14,109.11
P102757,Home Decor,152,246,180.6,Summer,3.4,175.89,158.02
P102758,Footwear,605,1172,147.89,Summer,4.7,168.35,127.23
P102759,Footwear,76,139,133.2,Winter,3.1,138.12,112.5
P102760,Grocery,301,490,29.41,Festival,2.6,32.3,23.26
P102761,Grocery,339,302,30.27,Winter,4.1,27.49,25.0
P102762,Home Decor,655,1043,217.65,Normal,3.8,210.95,154.1
P102763,Electronics,506,1265,807.16,Winter,4.8,905.48,636.25
P102764,Clothing,208,296,87.58,Winter,3.6,96.24,71.95
P102765,Electronics,475,626,746.5,Festival,2.8,802.73,566.26
P102766,Home Decor,469,720,204.81,Summer,3.3,212.72,145.67
P102767,Clothing,366,1037,93.7,Normal,3.5,89.26,66.37
P102768,Footwear,542,531,157.83,Winter,4.0,163.84,126.92
P102769,Home Decor,339,786,182.99,Normal,3.2,163.54,118.26
P102770,Home Decor,346,757,199.32,Normal,3.9,186.29,144.98
P102771,Electronics,787,21,633.37,Summer,4.8,645.99,693.48
P102772,Footwear,266,857,106.0,Summer,3.6,93.34,73.47
P102773,Home Decor,342,853,172.2,Summer,4.1,162.34,121.85
P102774,Electronics,157,1486,537.05,Normal,3.1,494.68,392.66
P102775,Footwear,704,767,124.69,Normal,4.5,121.36,99.95
P102776,Clothing,712,1350,83.14,Winter,3.2,92.43,65.1
P102777,Grocery,684,526,28.63,Summer,3.9,32.51,24.2
P102778,Grocery,184,1045,27.11,Normal,3.3,25.07,19.74
P102779,Clothing,462,1353,73.52,Summer,2.7,69.28,56.95
P102780,Electronics,306,234,721.33,Normal,3.3,799.71,670.39
P102781,Electronics,768,852,585.38,Normal,3.0,542.42,440.74
P102782,Electronics,350,1378,566.74,Winter,4.7,612.17,444.55
P102783,Grocery,427,836,36.5,Festival,3.2,32.96,24.55
P102784,Clothing,465,1339,68.52,Summer,4.9,72.3,54.36
P102785,Electronics,765,632,666.23,Winter,3.7,634.08,529.95
P102786,Footwear,708,1330,131.3,Normal,3.1,142.11,106.77
P102787,Footwear,823,945,117.51,Normal,3.5,119.89,94.66
P102788,Grocery,439,721,24.6,Normal,3.0,22.83,17.05
P102789,Home Decor,823,326,240.18,Festival,4.6,237.44,229.38
P102790,Clothing,873,260,88.9,Summer,2.8,90.58,82.98
P102791,Home Decor,533,436,187.72,Normal,4.7,215.68,166.65
P102792,Electronics,686,1132,921.26,Festival,2.6,930.19,641.13
P102793,Footwear,911,704,107.1,Summer,3.2,98.62,85.76
P102794,Home Decor,841,585,195.0,Winter,2.8,200.83,163.96
P102795,Home Decor,290,702,196.0,Festival,4.2,184.14,142.93
P102796,Grocery,722,520,20.9,Normal,3.8,23.35,20.37
P102797,Grocery,457,1211,32.89,Winter,4.8,36.35,25.23
P102798,Clothing,165,589,90.85,Normal,3.4,83.1,63.52
P102799,Footwear,384,710,116.13,Winter,2.6,120.64,89.21
P102800,Footwear,978,840,126.32,Winter,4.4,134.91,111.51
P102801,Home Decor,958,971,170.05,Summer,3.9,161.2,139.2
P102802,Grocery,790,503,27.86,Normal,4.6,29.23,25.62
P102803,Electronics,990,114,668.81,Winter,3.6,672.1,698.79
P102804,Grocery,581,1036,35.86,Festival,4.3,36.22,25.93
P102805,Electronics,762,842,608.74,Summer,2.9,626.3,516.45
P102806,Clothing,181,973,77.63,Normal,5.0,80.27,57.27
P102807,Clothing,312,817,97.65,Normal,2.9,104.65,69.03
P102808,Footwear,189,765,152.69,Winter,4.6,153.02,102.77
P102809,Electronics,938,1423,614.94,Normal,3.0,661.13,522.44
P102810,Electronics,622,85,688.06,Summer,4.5,695.77,684.89
P102811,Electronics,933,142,803.4,Summer,4.7,850.76,881.43
P102812,Home Decor,427,1405,235.42,Festival,4.7,223.89,178.68
P102813,Footwear,415,1330,131.28,Normal,3.7,134.73,98.53
P102814,Electronics,682,620,760.68,Winter,3.6,765.52,614.42
P102815,Electronics,576,813,932.69,Festival,4.6,896.87,684.58
P102816,Grocery,384,676,27.62,Winter,3.9,24.77,20.06
P102817,Clothing,331,1495,84.79,Festival,4.1,86.29,63.29
P102818,Grocery,522,686,30.19,Festival,3.1,26.64,21.48
P102819,Clothing,94,1141,90.67,Normal,3.6,89.34,63.02
P102820,Home Decor,204,550,196.83,Winter,3.4,192.91,143.23
P102821,Clothing,62,575,90.12,Festival,4.2,94.73,70.96
P102822,Footwear,172,1013,156.68,Festival,3.0,179.65,107.45
P102823,Electronics,214,601,698.37,Winter,3.5,776.35,527.82
P102824,Home Decor,94,25,235.45,Winter,4.6,269.18,225.83
P102825,Home Decor,74,263,174.86,Normal,3.9,198.77,157.56
P102826,Footwear,823,1310,139.48,Summer,4.7,125.54,103.98
P102827,Grocery,199,553,26.47,Normal,3.1,25.31,19.21
P102828,Electronics,564,158,571.32,Summer,3.6,548.57,520.97
P102829,Footwear,116,1409,122.64,Normal,3.8,110.27,80.51
P102830,Footwear,948,1499,102.9,Summer,3.5,114.08,87.81
P102831,Clothing,254,752,92.77,Normal,4.2,104.06,69.5
P102832,Clothing,754,943,90.87,Normal,2.9,94.81,68.06
P102833,Grocery,648,1133,21.67,Summer,3.8,24.29,17.73
P102834,Footwear,773,104,124.18,Normal,2.8,133.23,129.55
P102835,Footwear,636,448,174.66,Festival,4.1,174.47,153.18
P102836,Grocery,518,845,24.97,Winter,4.6,22.99,18.42
P102837,Grocery,776,826,32.03,Winter,2.5,36.48,25.29
P102838,Clothing,819,500,70.8,Normal,3.6,75.54,66.66
P102839,Clothing,392,7,65.83,Normal,3.7,64.22,63.2
P102840,Electronics,943,1429,722.16,Winter,4.3,660.57,564.78
P102841,Footwear,987,923,110.74,Normal,2.7,121.35,83.73
P102842,Clothing,727,1134,101.6,Winter,3.5,111.4,79.87
P102843,Clothing,930,658,91.45,Summer,4.5,93.88,77.01
P102844,Clothing,123,762,105.29,Festival,3.8,121.08,74.62
P102845,Electronics,549,669,742.82,Summer,4.4,731.18,626.24
P102846,Grocery,657,647,29.47,Winter,3.4,33.43,25.19
P102847,Clothing,929,1007,107.73,Festival,4.8,113.14,87.51
P102848,Electronics,138,1493,763.45,Winter,2.7,823.63,499.89
P102849,Footwear,809,1167,145.69,Summer,2.7,164.28,117.97
P102850,Clothing,95,1002,84.8,Normal,3.8,93.65,58.55
P102851,Clothing,370,23,91.64,Festival,3.7,87.79,87.86
P102852,Clothing,699,773,81.66,Normal,4.1,90.98,72.78
P102853,Footwear,305,1433,142.92,Festival,3.1,146.59,101.55
P102854,Clothing,838,599,90.91,Festival,3.1,81.1,74.49
P102855,Footwear,931,826,127.03,Winter,4.4,134.9,111.13
P102856,Home Decor,175,490,177.4,Normal,3.2,180.04,135.87
P102857,Footwear,272,290,107.26,Summer,4.3,109.93,98.77
P102858,Clothing,92,1059,99.82,Winter,4.1,98.93,65.57
P102859,Footwear,715,473,137.43,Normal,2.7,123.32,114.45
P102860,Clothing,888,883,77.21,Normal,4.3,71.7,60.84
P102861,Clothing,609,892,115.77,Festival,4.7,125.53,91.36
P102862,Grocery,149,1273,31.63,Summer,4.5,29.83,22.23
P102863,Clothing,190,1407,97.92,Summer,2.5,102.77,64.42
P102864,Electronics,54,832,638.63,Festival,3.8,655.42,434.47
P102865,Clothing,500,80,78.37,Normal,4.8,73.65,78.08
P102866,Electronics,726,875,700.48,Winter,4.0,669.48,528.56
P102867,Clothing,167,1327,93.03,Summer,3.2,91.5,62.77
P102868,Grocery,850,718,28.14,Summer,3.0,31.46,22.38
P102869,Home Decor,267,849,236.13,Festival,4.2,267.8,169.67
P102870,Electronics,524,1145,747.44,Normal,4.4,735.79,573.19
P102871,Grocery,674,661,31.62,Summer,4.8,28.22,25.08
P102872,Clothing,549,625,87.11,Summer,4.8,90.79,72.19
P102873,Electronics,488,725,832.82,Winter,3.3,826.78,572.61
P102874,Clothing,350,1278,96.44,Summer,4.0,97.69,71.85
P102875,Electronics,441,734,740.39,Festival,2.8,739.89,519.85
P102876,Electronics,253,493,783.23,Summer,2.7,827.67,631.43
P102877,Clothing,308,897,82.17,Festival,2.7,79.07,56.32
P102878,Clothing,760,1040,71.06,Normal,4.8,79.66,62.63
P102879,Grocery,884,1369,31.17,Normal,2.9,30.97,23.44
P102880,Electronics,852,1339,652.82,Normal,3.7,634.7,526.32
P102881,Electronics,344,1175,701.45,Winter,3.6,792.07,583.66
P102882,Electronics,334,1154,822.78,Summer,3.3,803.61,559.66
P102883,Grocery,77,676,25.85,Winter,3.8,23.33,18.6
P102884,Clothing,288,517,73.75,Normal,2.5,67.99,55.95
P102885,Grocery,593,846,21.98,Summer,3.5,23.58,18.35
P102886,Clothing,282,1060,88.59,Winter,3.7,91.41,59.7
P102887,Electronics,738,780,624.14,Winter,4.5,639.34,547.14
P102888,Home Decor,69,314,157.19,Summer,4.3,141.81,132.8
P102889,Electronics,423,27,760.25,Normal,4.6,702.7,726.08
P102890,Electronics,295,91,737.31,Festival,3.4,727.71,680.33
P102891,Electronics,504,642,820.03,Festival,2.9,820.82,610.49
P102892,Home Decor,45,1188,155.7,Normal,3.5,152.85,103.3
P102893,Grocery,430,1185,26.71,Summer,4.9,27.13,19.08
P102894,Grocery,792,1212,28.11,Summer,3.0,30.31,23.21
P102895,Home Decor,859,1065,193.36,Winter,2.9,203.35,151.95
P102896,Electronics,270,39,740.24,Festival,4.9,773.59,716.36
P102897,Home Decor,440,1325,202.57,Festival,4.9,208.77,153.53
P102898,Electronics,696,1421,580.48,Summer,2.9,542.31,466.37
P102899,Grocery,474,1275,21.74,Normal,4.4,22.68,17.12
P102900,Clothing,552,671,87.61,Winter,3.6,80.85,67.36
P102901,Clothing,354,325,74.6,Winter,3.7,80.01,66.81
P102902,Home Decor,840,1358,194.58,Festival,3.7,194.99,149.3
P102903,Electronics,638,281,579.07,Normal,4.9,600.49,599.97
P102904,Home Decor,961,1183,209.71,Normal,3.0,233.4,175.92
P102905,Clothing,784,1448,81.07,Normal,4.4,79.51,64.33
P102906,Grocery,379,1351,27.23,Summer,2.5,24.7,18.32
P102907,Home Decor,341,784,227.41,Festival,4.1,254.85,169.63
P102908,Electronics,106,1250,643.79,Normal,4.1,629.98,458.84
P102909,Home Decor,630,1247,201.42,Festival,4.4,199.36,165.13
P102910,Grocery,754,1461,26.09,Winter,4.8,25.04,20.84
P102911,Footwear,367,543,126.0,Normal,4.4,125.17,101.5
P102912,Electronics,40,945,652.22,Summer,4.3,665.7,456.68
P102913,Grocery,829,1226,23.29,Winter,3.1,25.79,18.68
P102914,Footwear,238,344,145.55,Normal,5.0,156.38,122.54
P102915,Clothing,590,342,90.79,Normal,3.7,92.48,81.49
P102916,Electronics,72,587,551.52,Normal,3.5,599.08,439.13
P102917,Clothing,81,543,96.76,Normal,3.8,107.29,73.8
P102918,Home Decor,900,1129,165.62,Summer,3.5,148.34,131.21
P102919,Electronics,679,1404,560.32,Normal,4.0,582.67,447.06
P102920,Footwear,25,239,113.78,Winter,3.4,101.45,92.64
P102921,Home Decor,118,491,259.38,Festival,3.1,249.84,184.96
P102922,Electronics,502,1395,630.54,Winter,4.8,684.68,519.52
P102923,Electronics,686,894,752.96,Normal,4.8,823.48,622.07
P102924,Footwear,435,311,155.27,Festival,3.7,173.68,139.43
P102925,Electronics,875,907,677.84,Normal,4.9,687.69,593.31
P102926,Grocery,659,1314,25.16,Summer,3.5,22.72,19.16
P102927,Footwear,621,563,106.29,Summer,3.5,97.17,89.35
P102928,Grocery,303,728,29.83,Winter,4.8,28.22,20.52
P102929,Clothing,688,922,81.56,Summer,4.1,79.96,66.25
P102930,Footwear,876,1261,126.01,Normal,4.4,128.8,103.81
P102931,Grocery,67,849,22.32,Winter,3.5,23.53,15.95
P102932,Electronics,739,1437,884.85,Festival,3.5,817.49,623.46
P102933,Grocery,882,1133,28.78,Summer,2.7,26.79,22.83
P102934,Home Decor,443,636,194.22,Summer,4.9,179.99,141.54
P102935,Footwear,770,733,146.33,Festival,3.1,158.6,118.93
P102936,Grocery,370,1046,25.57,Winter,3.7,24.59,18.75
P102937,Clothing,209,110,79.7,Summer,2.8,73.72,64.98
P102938,Electronics,819,343,568.7,Summer,4.1,566.69,593.58
P102939,Clothing,324,361,91.9,Summer,3.5,87.01,75.8
P102940,Electronics,761,1202,643.77,Festival,4.4,630.71,483.01
P102941,Home Decor,329,1234,152.14,Summer,3.8,167.73,117.01
P102942,Clothing,411,1230,70.67,Winter,2.8,68.56,52.54
P102943,Footwear,691,162,108.9,Normal,2.5,100.97,107.69
P102944,Electronics,354,446,817.0,Festival,3.0,770.23,619.44
P102945,Clothing,811,471,105.06,Festival,4.3,93.43,83.62
P102946,Clothing,58,41,84.88,Winter,4.6,95.34,84.68
P102947,Clothing,31,390,79.66,Normal,3.4,85.09,65.08
P102948,Footwear,100,649,135.85,Winter,3.8,136.55,90.37
P102949,Home Decor,271,1329,205.42,Winter,3.1,211.88,144.81
P102950,Home Decor,72,259,213.0,Normal,4.7,202.06,179.04
P102951,Electronics,393,1291,899.08,Festival,4.9,889.19,649.83
P102952,Footwear,43,1228,166.25,Festival,4.4,160.66,107.19
P102953,Electronics,761,241,768.95,Normal,2.7,847.86,718.44
P102954,Home Decor,169,395,222.17,Summer,3.6,240.1,178.1
P102955,Grocery,972,690,26.47,Normal,5.0,25.32,23.12
P102956,Clothing,859,1415,86.07,Normal,3.1,93.46,70.92
P102957,Electronics,700,1178,780.44,Winter,4.2,706.58,549.92
P102958,Electronics,802,1457,623.94,Winter,4.8,583.19,515.34
P102959,Clothing,779,472,80.34,Summer,4.4,73.01,72.36
P102960,Home Decor,848,1363,218.24,Normal,4.0,206.09,169.91
P102961,Footwear,564,1434,129.14,Summer,3.8,121.53,94.66
P102962,Home Decor,631,901,160.7,Winter,4.8,180.5,143.91
P102963,Electronics,479,235,646.35,Normal,3.5,625.93,609.3
P102964,Grocery,631,404,22.23,Normal,4.8,21.69,20.7
P102965,Clothing,393,197,80.19,Summer,3.6,72.73,71.05
P102966,Grocery,141,1211,26.36,Normal,4.4,23.67,18.58
P102967,Clothing,932,473,97.91,Festival,4.8,91.96,91.22
P102968,Clothing,704,1053,82.47,Normal,3.9,75.57,61.44
P102969,Grocery,710,404,21.32,Summer,3.3,20.74,18.85
P102970,Electronics,294,1465,677.13,Summer,2.6,629.89,461.45
P102971,Grocery,775,1161,24.56,Festival,4.5,22.79,18.98
P102972,Grocery,528,568,25.6,Summer,4.1,27.0,20.4
P102973,Electronics,95,717,842.33,Festival,3.2,955.51,572.25
P102974,Home Decor,955,92,162.07,Summer,4.7,143.16,176.94
P102975,Grocery,991,209,30.36,Normal,4.8,32.5,33.14
P102976,Footwear,873,1497,130.93,Normal,4.7,138.53,108.35
P102977,Grocery,485,1224,22.84,Normal,4.0,23.71,17.82
P102978,Footwear,248,1258,118.73,Normal,4.9,126.68,91.36
P102979,Footwear,30,967,103.4,Normal,4.7,105.19,73.81
P102980,Home Decor,741,336,158.27,Winter,2.8,178.88,150.35
P102981,Grocery,893,162,32.17,Winter,5.0,29.68,32.46
P102982,Clothing,122,1089,88.83,Normal,3.9,89.52,59.1
P102983,Electronics,690,500,750.91,Normal,4.8,793.2,663.2
P102984,Grocery,46,6,27.19,Normal,4.4,30.6,26.04
P102985,Electronics,781,38,786.44,Normal,4.1,795.57,819.74
P102986,Clothing,47,838,99.31,Summer,3.3,113.59,65.17
P102987,Electronics,975,1261,549.26,Normal,2.6,580.7,457.67
P102988,Grocery,186,547,22.54,Normal,3.2,24.09,17.02
P102989,Electronics,412,1499,643.62,Normal,4.2,708.58,492.26
P102990,Grocery,701,575,24.17,Normal,4.7,26.06,22.36
P102991,Footwear,849,1101,148.11,Festival,2.5,151.24,111.36
P102992,Footwear,376,370,112.15,Normal,3.0,122.09,103.24
P102993,Clothing,980,912,95.82,Summer,4.2,85.25,75.13
P102994,Grocery,35,415,20.58,Normal,3.2,23.29,17.85
P102995,Grocery,481,1168,29.88,Summer,2.9,32.93,22.47
P102996,Grocery,988,684,26.21,Winter,2.7,27.58,21.78
P102997,Grocery,288,67,21.17,Summer,4.1,19.02,19.38
P102998,Electronics,542,375,815.94,Winter,4.0,783.0,693.96
P102999,Home Decor,455,531,187.64,Summer,4.6,177.98,152.59
P103000,Electronics,406,702,735.56,Normal,3.3,698.34,518.75
P103001,Footwear,772,409,169.6,Festival,2.8,180.02,146.35
P103002,Grocery,528,868,20.87,Normal,4.5,23.3,16.61
P103003,Clothing,719,1445,79.1,Winter,5.0,84.16,64.98
P103004,Footwear,529,1068,107.67,Summer,3.4,106.05,79.16
P103005,Electronics,997,470,560.39,Normal,4.7,639.8,578.93
P103006,Footwear,480,1017,147.2,Normal,4.4,163.81,111.7
P103007,Grocery,800,1450,34.41,Festival,4.8,36.65,27.39
P103008,Electronics,620,366,634.94,Normal,3.6,626.89,575.03
P103009,Electronics,805,352,725.1,Normal,2.8,771.96,657.39
P103010,Footwear,887,63,172.1,Festival,2.8,170.4,166.85
P103011,Clothing,241,1264,73.2,Normal,4.4,67.48,50.93
P103012,Home Decor,315,1249,148.7,Normal,4.7,155.7,114.21
P103013,Footwear,315,623,140.92,Normal,3.6,150.58,113.66
P103014,Footwear,497,1309,143.83,Winter,2.6,140.14,98.3
P103015,Clothing,502,979,73.25,Summer,2.7,82.84,52.47
P103016,Footwear,23,1468,131.09,Winter,4.0,145.59,93.54
P103017,Home Decor,897,1384,160.02,Normal,4.8,166.0,137.02
P103018,Electronics,862,1439,701.43,Normal,3.5,628.67,540.78
P103019,Clothing,609,591,93.15,Winter,4.1,82.4,72.81
P103020,Clothing,319,952,88.64,Festival,3.9,93.32,66.1
P103021,Clothing,830,255,95.23,Summer,4.7,104.73,97.09
P103022,Footwear,285,1341,130.21,Winter,4.6,132.17,95.5
P103023,Grocery,319,480,28.09,Normal,3.0,24.9,21.76
P103024,Grocery,997,674,29.02,Winter,4.2,26.67,22.63
P103025,Clothing,925,893,85.97,Winter,4.6,80.56,67.54
P103026,Electronics,592,1182,725.48,Festival,4.8,761.39,564.83
P103027,Clothing,185,1098,76.99,Winter,4.0,77.85,52.26
P103028,Home Decor,140,1433,205.34,Normal,2.9,186.36,130.25
P103029,Grocery,964,1070,27.4,Normal,3.9,27.82,22.17
P103030,Clothing,280,1195,88.81,Festival,4.2,99.0,68.57
P103031,Footwear,687,860,175.0,Festival,3.2,174.74,126.77
P103032,Electronics,366,626,805.06,Winter,4.9,741.01,606.77
P103033,Clothing,506,1370,82.56,Festival,3.1,85.53,60.77
P103034,Clothing,986,569,75.46,Winter,4.8,85.34,71.93
P103035,Home Decor,601,932,195.4,Summer,3.6,178.07,147.39
P103036,Footwear,442,440,103.68,Normal,2.5,95.62,88.18
P103037,Grocery,427,726,32.72,Winter,3.9,33.8,23.25
P103038,Electronics,245,553,839.37,Festival,4.1,815.7,656.4
P103039,Electronics,565,391,568.04,Summer,4.7,637.23,545.68
P103040,Grocery,578,1231,25.27,Normal,3.9,27.1,19.49
P103041,Clothing,113,1152,75.43,Summer,2.7,69.38,50.85
P103042,Home Decor,416,1053,196.69,Winter,4.8,219.33,157.79
P103043,Footwear,651,129,111.15,Normal,3.9,117.08,114.51
P103044,Clothing,73,378,99.87,Winter,3.2,101.19,75.83
P103045,Footwear,976,331,135.61,Normal,4.7,128.73,135.97
P103046,Home Decor,863,1068,224.3,Summer,2.8,236.73,170.27
P103047,Grocery,644,1339,22.63,Normal,2.7,25.4,17.96
P103048,Grocery,35,572,24.64,Normal,3.8,21.94,18.7
P103049,Home Decor,527,498,247.73,Festival,4.1,243.1,194.28
P103050,Clothing,900,838,78.46,Normal,3.8,88.87,66.43
P103051,Home Decor,42,1481,187.56,Winter,4.8,184.44,136.49
P103052,Electronics,796,558,808.6,Normal,3.2,719.4,648.19
P103053,Grocery,842,421,28.79,Normal,5.0,26.12,26.85
P103054,Footwear,94,784,142.82,Normal,2.5,152.32,90.42
P103055,Grocery,245,1374,24.87,Normal,2.8,26.59,17.89
P103056,Grocery,729,1096,31.62,Festival,3.0,28.81,22.54
P103057,Grocery,913,779,29.91,Festival,2.7,28.09,23.84
P103058,Electronics,775,1098,698.39,Winter,3.6,720.91,566.85
P103059,Electronics,535,27,568.69,Normal,4.7,605.86,619.35
P103060,Clothing,610,1131,94.57,Normal,4.6,87.22,71.77
P103061,Grocery,534,150,29.14,Festival,4.4,29.24,28.08
P103062,Clothing,586,589,88.18,Summer,2.5,90.98,70.55
P103063,Clothing,775,528,112.2,Festival,4.7,100.24,90.99
P103064,Home Decor,68,1037,207.47,Normal,3.5,195.11,142.03
P103065,Clothing,225,363,72.42,Normal,4.3,81.7,63.05
P103066,Clothing,78,361,89.48,Summer,4.3,100.01,76.05
P103067,Clothing,800,1326,85.13,Summer,2.9,82.33,63.15
P103068,Electronics,732,718,642.06,Winter,3.8,715.48,538.34
P103069,Footwear,72,1113,103.52,Summer,4.8,108.78,80.6
P103070,Clothing,123,876,87.26,Normal,3.2,99.92,58.51
P103071,Electronics,279,931,796.03,Winter,4.3,908.17,592.58
P103072,Home Decor,257,1031,260.18,Festival,4.9,272.29,180.55
P103073,Footwear,528,1003,120.22,Summer,3.4,120.98,89.68
P103074,Footwear,508,1368,126.14,Winter,3.5,115.85,86.97
P103075,Home Decor,370,1178,160.22,Normal,3.6,163.93,121.71
P103076,Home Decor,180,460,264.09,Festival,4.5,260.8,201.36
P103077,Clothing,656,258,97.67,Summer,3.6,102.98,92.57
P103078,Grocery,794,1268,32.64,Winter,3.7,29.51,24.92
P103079,Grocery,647,561,25.82,Normal,3.1,28.55,21.96
P103080,Clothing,811,470,72.82,Normal,5.0,83.09,74.95
P103081,Clothing,915,171,87.88,Summer,4.7,82.3,92.75
P103082,Electronics,845,830,751.66,Festival,4.0,789.88,593.88
P103083,Grocery,658,770,24.97,Summer,4.9,27.38,21.83
P103084,Footwear,68,1243,121.13,Festival,4.2,124.72,85.63
P103085,Footwear,347,1124,105.24,Summer,4.9,119.19,82.97
P103086,Clothing,439,1086,78.63,Normal,2.9,80.06,58.16
P103087,Electronics,718,810,791.87,Normal,3.1,754.69,580.49
P103088,Clothing,849,1294,93.19,Summer,4.7,93.87,73.3
P103089,Grocery,647,1475,30.4,Winter,3.5,30.75,22.12
P103090,Home Decor,375,1223,170.71,Summer,3.4,161.92,130.8
P103091,Home Decor,791,525,216.72,Winter,4.4,236.76,196.6
P103092,Home Decor,701,418,184.42,Summer,4.1,193.05,177.2
P103093,Home Decor,802,6,161.33,Winter,3.4,158.1,170.65
P103094,Home Decor,597,1489,178.16,Normal,3.5,177.06,132.57
P103095,Grocery,653,1100,22.57,Summer,3.5,22.13,16.61
P103096,Electronics,360,1405,771.61,Normal,2.8,772.33,549.06
P103097,Electronics,411,1182,790.9,Summer,3.1,808.76,567.12
P103098,Clothing,290,648,89.08,Festival,3.8,86.35,64.85
P103099,Clothing,271,221,91.85,Winter,4.5,101.12,83.37
P103100,Electronics,659,75,634.67,Normal,3.5,717.6,687.93
P103101,Home Decor,395,1189,164.32,Summer,3.5,167.8,122.8
P103102,Electronics,150,458,735.94,Summer,4.1,788.98,591.47
P103103,Home Decor,54,572,206.43,Normal,2.9,233.53,149.48
P103104,Footwear,862,1255,138.38,Normal,3.5,128.94,104.83
P103105,Grocery,446,724,22.1,Normal,3.0,20.58,16.65
P103106,Footwear,584,1426,128.59,Summer,4.1,115.68,91.25
P103107,Clothing,906,822,70.41,Winter,2.8,70.36,57.21
P103108,Grocery,129,1248,21.47,Normal,3.6,20.81,15.84
P103109,Electronics,938,193,655.67,Festival,4.0,676.22,683.71
P103110,Home Decor,709,598,179.39,Festival,4.6,179.71,160.33
P103111,Clothing,647,278,81.71,Winter,4.3,76.1,79.01
P103112,Clothing,442,89,82.58,Winter,4.9,81.39,84.01
P103113,Footwear,712,1487,134.41,Normal,4.2,119.33,99.86
P103114,Grocery,219,778,24.05,Normal,3.4,24.65,17.21
P103115,Clothing,316,533,72.54,Summer,3.1,69.15,57.49
P103116,Grocery,961,567,30.68,Normal,2.6,27.93,24.35
P103117,Electronics,290,365,917.68,Festival,3.2,823.88,689.22
P103118,Footwear,725,188,111.1,Winter,2.8,119.2,108.63
P103119,Clothing,931,1370,82.76,Winter,3.4,78.36,70.66
P103120,Clothing,601,163,71.38,Normal,4.3,75.51,73.18
P103121,Electronics,311,580,849.14,Winter,4.2,934.21,687.09
P103122,Clothing,851,233,91.86,Festival,3.3,93.24,86.66
P103123,Clothing,829,1394,68.98,Normal,3.8,63.18,59.13
P103124,Clothing,552,312,93.32,Summer,3.0,97.61,81.41
P103125,Electronics,132,593,731.93,Normal,3.8,658.25,520.71
P103126,Electronics,452,1131,636.39,Winter,3.8,700.43,466.07
P103127,Grocery,443,857,25.39,Winter,3.3,27.57,19.89
P103128,Electronics,205,575,649.0,Normal,3.1,641.57,506.65
P103129,Footwear,414,847,132.41,Festival,4.9,126.14,95.45
P103130,Home Decor,170,658,180.16,Winter,3.8,193.05,141.24
P103131,Clothing,698,437,109.95,Festival,3.9,113.59,92.6
P103132,Home Decor,443,899,205.79,Normal,2.5,189.16,142.72
P103133,Electronics,735,551,726.59,Normal,3.0,788.34,611.52
P103134,Electronics,466,1440,724.95,Normal,3.4,703.33,544.37
P103135,Footwear,719,697,132.85,Winter,4.9,148.97,115.08
P103136,Footwear,738,1135,123.5,Winter,2.9,136.34,100.66
P103137,Home Decor,177,355,239.98,Festival,3.3,229.05,190.21
P103138,Electronics,453,970,582.49,Summer,5.0,552.74,452.34
P103139,Footwear,754,841,105.68,Normal,3.7,104.35,85.47
P103140,Clothing,601,1117,74.14,Winter,3.3,81.35,56.77
P103141,Clothing,237,695,96.25,Winter,4.1,88.1,66.7
P103142,Electronics,835,1080,740.24,Winter,3.7,714.57,607.72
P103143,Home Decor,215,92,193.39,Winter,4.9,204.6,190.18
P103144,Electronics,993,1036,706.07,Winter,2.7,627.73,519.09
P103145,Footwear,712,1131,166.5,Festival,4.5,149.03,128.04
P103146,Grocery,336,747,25.73,Festival,3.2,27.94,19.18
P103147,Footwear,210,56,125.27,Winter,4.5,127.9,122.29
P103148,Footwear,903,852,141.75,Summer,4.6,146.08,118.72
P103149,Home Decor,533,1173,198.52,Normal,4.6,188.03,152.12
P103150,Electronics,809,694,674.26,Summer,4.7,690.16,541.85
P103151,Electronics,835,145,702.93,Festival,4.3,722.02,748.58
P103152,Grocery,86,595,36.2,Festival,2.9,35.9,23.12
P103153,Clothing,690,1491,93.97,Festival,2.6,107.16,74.37
P103154,Electronics,347,409,778.35,Normal,3.4,695.31,608.17
P103155,Electronics,909,796,885.48,Festival,3.7,878.42,700.45
P103156,Clothing,234,536,95.24,Normal,3.3,105.86,74.53
P103157,Electronics,52,1069,537.73,Normal,4.4,503.15,401.64
P103158,Electronics,671,645,686.42,Summer,4.3,777.34,593.46
P103159,Home Decor,560,579,177.74,Winter,4.9,176.83,153.62
P103160,Clothing,564,871,79.53,Winter,3.5,73.35,59.69
P103161,Home Decor,278,859,178.59,Winter,4.5,161.65,136.85
P103162,Home Decor,504,752,209.72,Festival,4.4,203.08,159.19
P103163,Electronics,964,391,667.23,Summer,5.0,752.85,672.02
P103164,Footwear,768,166,135.05,Summer,4.4,153.09,140.47
P103165,Grocery,985,1037,25.15,Winter,3.2,25.96,21.05
P103166,Footwear,346,513,112.48,Normal,2.5,102.57,89.42
P103167,Electronics,872,921,633.79,Normal,4.9,635.87,527.06
P103168,Electronics,395,567,724.88,Normal,4.3,719.66,615.6
P103169,Electronics,936,1281,549.04,Summer,4.5,517.41,472.47
P103170,Grocery,868,1061,30.24,Winter,4.5,27.23,23.83
P103171,Home Decor,181,608,173.84,Normal,4.3,170.89,127.83
P103172,Footwear,972,502,128.13,Normal,4.4,125.62,121.61
P103173,Footwear,615,1124,162.48,Festival,4.8,173.87,125.97
P103174,Home Decor,780,16,220.82,Festival,4.8,217.83,229.96
P103175,Footwear,587,91,135.75,Summer,3.4,119.94,124.43
P103176,Electronics,232,131,790.12,Normal,2.6,699.58,665.97
P103177,Home Decor,985,522,176.9,Festival,2.6,188.51,161.29
P103178,Clothing,130,748,91.6,Festival,3.6,96.95,61.93
P103179,Electronics,812,442,934.63,Festival,4.6,862.94,799.5
P103180,Grocery,225,286,31.27,Winter,4.6,34.83,28.72
P103181,Home Decor,789,472,207.06,Winter,3.5,219.26,182.86
P103182,Clothing,434,744,73.49,Normal,3.3,67.73,54.69
P103183,Grocery,251,449,28.38,Festival,3.8,27.18,22.85
P103184,Electronics,251,863,795.98,Summer,4.6,909.72,542.71
P103185,Electronics,333,576,771.86,Winter,4.1,764.21,616.47
P103186,Electronics,903,1400,612.84,Normal,2.8,578.48,466.71
P103187,Footwear,773,1488,111.54,Winter,3.4,113.94,88.67
P103188,Home Decor,677,985,220.51,Winter,3.9,206.29,171.01
P103189,Electronics,637,834,818.98,Festival,3.8,895.78,657.85
P103190,Clothing,428,51,98.74,Normal,4.6,108.07,100.13
P103191,Electronics,903,935,646.61,Normal,4.8,708.84,578.17
P103192,Electronics,288,574,630.55,Normal,2.8,659.98,502.42
P103193,Grocery,944,438,24.33,Summer,3.1,25.97,23.83
P103194,Footwear,393,1191,123.27,Normal,3.5,119.17,93.69
P103195,Grocery,354,68,23.97,Normal,3.2,26.78,23.64
P103196,Clothing,486,394,80.38,Festival,3.5,73.86,66.17
P103197,Grocery,753,1162,28.15,Festival,2.6,26.71,20.51
P103198,Electronics,719,1387,612.0,Summer,2.7,702.6,496.4
P103199,Electronics,771,774,806.55,Winter,4.6,918.91,669.62
P103200,Home Decor,107,795,170.81,Summer,2.8,173.72,112.37
P103201,Footwear,177,1450,125.74,Summer,4.6,127.6,92.63
P103202,Home Decor,851,143,199.67,Normal,3.3,182.01,185.36
P103203,Home Decor,981,724,168.7,Winter,3.3,178.5,144.13
P103204,Grocery,145,366,30.93,Festival,2.8,27.48,22.92
P103205,Home Decor,906,717,225.96,Winter,2.5,218.03,171.22
P103206,Clothing,277,1359,90.83,Winter,3.4,90.19,65.01
P103207,Electronics,979,896,707.9,Winter,4.6,793.82,631.9
P103208,Electronics,993,1487,813.51,Winter,4.8,928.61,745.27
P103209,Electronics,644,760,941.35,Festival,2.7,1075.95,692.59
P103210,Electronics,206,1295,762.47,Normal,2.6,835.42,528.93
P103211,Clothing,792,258,84.43,Winter,2.9,80.91,78.5
P103212,Footwear,119,484,129.96,Normal,4.4,115.96,99.13
P103213,Footwear,347,414,125.57,Normal,3.0,124.94,98.3
P103214,Grocery,645,1154,28.04,Festival,3.1,26.92,19.89
P103215,Electronics,86,772,674.31,Summer,4.7,712.68,489.66
P103216,Footwear,405,337,145.43,Summer,4.7,142.54,122.19
P103217,Clothing,801,263,75.94,Normal,4.2,85.09,78.39
P103218,Electronics,109,579,922.32,Festival,2.9,904.79,621.14
P103219,Clothing,379,234,105.69,Winter,3.5,103.79,89.75
P103220,Clothing,23,1047,76.15,Normal,3.1,82.62,55.14
P103221,Clothing,665,1273,74.01,Winter,4.2,76.92,58.23
P103222,Footwear,97,1453,147.79,Normal,4.4,140.24,102.34
P103223,Footwear,295,357,113.66,Winter,2.9,120.79,95.25
P103224,Footwear,532,661,138.21,Normal,4.7,142.63,110.21
P103225,Electronics,230,758,576.57,Winter,3.7,523.58,416.08
P103226,Footwear,246,746,113.87,Summer,4.5,114.57,84.22
P103227,Footwear,838,682,111.82,Normal,2.6,126.14,91.73
P103228,Electronics,782,334,634.56,Summer,3.4,594.7,577.54
P103229,Grocery,99,172,30.38,Normal,2.5,30.14,23.43
P103230,Grocery,860,607,26.41,Festival,4.3,25.21,22.87
P103231,Clothing,478,142,73.72,Summer,2.7,75.56,63.38
P103232,Electronics,161,99,748.11,Summer,3.3,855.3,700.9
P103233,Grocery,908,788,30.74,Normal,4.5,29.62,25.01
P103234,Electronics,350,1288,757.33,Festival,4.4,836.75,600.1
P103235,Electronics,339,813,749.09,Normal,4.1,828.75,597.46
P103236,Electronics,163,39,557.92,Summer,4.2,530.05,548.04
P103237,Home Decor,888,1261,211.38,Normal,4.1,230.11,172.2
P103238,Clothing,300,1026,106.77,Festival,4.1,122.45,83.21
P103239,Clothing,600,458,96.44,Normal,3.4,109.71,82.01
P103240,Clothing,254,413,92.78,Winter,2.6,96.82,69.13
P103241,Home Decor,897,1349,227.07,Summer,3.6,209.13,180.97
P103242,Grocery,791,716,24.69,Normal,2.6,22.52,19.11
P103243,Home Decor,512,216,204.3,Normal,3.7,194.5,175.72
P103244,Clothing,358,425,95.99,Winter,3.7,100.06,76.65
P103245,Electronics,661,400,608.08,Normal,2.9,598.52,545.27
P103246,Grocery,505,603,31.31,Summer,4.5,33.46,25.04
P103247,Clothing,942,521,95.18,Summer,4.3,104.0,86.79
P103248,Footwear,680,822,147.4,Summer,3.9,136.89,115.33
P103249,Home Decor,46,488,186.2,Winter,4.8,209.37,163.26
P103250,Grocery,825,963,30.43,Summer,3.2,27.28,22.52
P103251,Home Decor,208,741,182.3,Winter,3.2,173.46,124.82
P103252,Grocery,315,1410,31.79,Summer,3.0,34.97,23.02
P103253,Clothing,447,1243,66.42,Normal,3.9,61.75,49.5
P103254,Grocery,225,501,27.16,Normal,3.0,25.51,18.88
P103255,Electronics,943,68,564.37,Normal,4.7,645.32,628.39
P103256,Footwear,978,879,139.55,Summer,3.3,157.18,115.67
P103257,Electronics,172,510,634.65,Normal,3.7,697.76,528.9
P103258,Clothing,333,1353,101.28,Winter,3.8,93.88,69.58
P103259,Grocery,383,611,29.88,Normal,3.3,28.35,22.5
P103260,Electronics,677,438,750.34,Festival,4.3,707.94,667.32
P103261,Electronics,605,512,804.95,Winter,4.2,749.46,680.25
P103262,Footwear,684,1298,137.55,Summer,4.4,157.09,113.68
P103263,Electronics,50,173,652.23,Normal,4.0,603.2,558.67
P103264,Grocery,523,1436,24.19,Normal,3.7,26.16,18.95
P103265,Clothing,226,354,72.83,Normal,3.6,65.1,59.29
P103266,Clothing,243,1272,67.77,Normal,4.3,69.59,48.49
P103267,Electronics,779,818,677.6,Normal,3.4,609.25,531.47
P103268,Footwear,158,856,130.05,Summer,3.6,116.62,85.56
P103269,Home Decor,50,310,181.97,Normal,2.9,171.44,140.23
P103270,Electronics,497,1084,846.61,Winter,4.2,956.6,642.86
P103271,Home Decor,741,974,175.42,Festival,2.7,184.63,131.03
P103272,Grocery,520,724,30.53,Summer,5.0,32.24,24.09
P103273,Grocery,178,689,29.11,Normal,2.9,27.96,20.06
P103274,Footwear,777,897,137.55,Normal,3.5,147.92,107.05
P103275,Footwear,394,710,133.01,Winter,3.1,141.53,101.51
P103276,Footwear,715,1461,114.72,Winter,3.2,115.25,88.57
P103277,Grocery,218,66,31.56,Winter,3.3,33.59,27.52
P103278,Grocery,913,380,28.5,Normal,4.3,31.76,29.03
P103279,Clothing,297,1277,94.25,Normal,2.9,107.38,68.13
P103280,Electronics,971,1189,634.84,Winter,3.2,729.48,557.88
P103281,Footwear,389,525,134.63,Winter,2.8,136.22,106.96
P103282,Electronics,733,761,766.13,Festival,3.3,680.97,542.93
P103283,Clothing,512,45,92.86,Winter,4.9,87.46,90.84
P103284,Electronics,94,269,877.16,Festival,3.5,818.52,699.6
P103285,Electronics,116,1417,599.0,Summer,4.4,575.73,458.54
P103286,Grocery,417,967,23.04,Summer,3.7,22.52,17.28
P103287,Grocery,209,62,22.23,Winter,3.6,23.57,21.07
P103288,Clothing,616,1189,71.01,Normal,4.6,72.56,61.67
P103289,Electronics,155,608,636.14,Winter,2.6,671.4,457.57
P103290,Clothing,598,855,72.18,Winter,4.7,82.46,62.08
P103291,Clothing,220,1285,77.84,Normal,3.7,69.53,52.9
P103292,Footwear,197,1256,133.24,Normal,3.4,117.77,88.99
P103293,Grocery,379,209,30.77,Winter,4.8,32.6,28.22
P103294,Grocery,591,551,24.94,Summer,3.3,25.63,20.55
P103295,Grocery,411,412,21.4,Normal,4.9,21.62,19.27
P103296,Home Decor,362,1371,218.76,Winter,4.8,242.91,170.72
P103297,Footwear,353,1172,118.59,Normal,3.2,109.44,83.85
P103298,Grocery,352,974,24.6,Winter,3.4,25.45,18.65
P103299,Grocery,415,92,26.33,Summer,4.5,29.79,26.37
P103300,Electronics,837,1205,852.32,Winter,3.0,852.65,638.44
P103301,Home Decor,586,843,176.44,Normal,4.3,182.9,143.41
P103302,Clothing,433,413,104.52,Winter,2.8,93.95,81.82
P103303,Clothing,754,666,76.54,Summer,3.0,74.57,58.55
P103304,Home Decor,536,671,165.12,Winter,3.8,147.15,129.18
P103305,Footwear,950,447,106.51,Normal,4.4,110.19,102.99
P103306,Electronics,571,1364,771.75,Summer,4.3,802.18,609.2
P103307,Electronics,231,1376,683.26,Normal,4.0,776.68,542.21
P103308,Electronics,571,81,695.65,Normal,3.2,732.08,640.9
P103309,Grocery,778,1404,32.76,Winter,3.5,28.85,23.37
P103310,Electronics,228,608,674.1,Normal,3.1,744.86,520.08
P103311,Home Decor,218,1200,156.66,Normal,3.2,151.8,111.47
P103312,Home Decor,607,1171,215.41,Winter,3.3,231.1,167.3
P103313,Grocery,886,900,23.42,Summer,4.0,22.28,19.21
P103314,Grocery,347,1117,28.36,Winter,3.0,30.77,20.08
P103315,Clothing,516,1023,97.84,Summer,2.6,110.6,70.08
P103316,Electronics,661,1278,786.29,Festival,4.2,708.77,563.94
P103317,Footwear,670,638,114.62,Normal,2.6,117.71,89.74
P103318,Electronics,162,1110,693.87,Normal,4.9,711.84,498.5
P103319,Electronics,407,1468,602.59,Winter,3.4,576.88,448.07
P103320,Clothing,994,1420,80.75,Winter,2.5,78.51,63.19
P103321,Electronics,890,226,694.13,Summer,4.7,737.55,717.47
P103322,Clothing,776,749,87.72,Festival,4.0,84.13,66.55
P103323,Footwear,43,767,103.44,Summer,4.5,91.88,70.18
P103324,Footwear,428,938,128.59,Normal,3.6,139.87,95.39
P103325,Grocery,70,972,24.81,Normal,3.4,26.02,16.79
P103326,Home Decor,315,1272,183.17,Summer,4.1,173.57,135.27
P103327,Clothing,867,800,99.89,Normal,3.5,113.84,84.09
P103328,Home Decor,400,1054,184.38,Festival,3.9,206.98,137.26
P103329,Grocery,185,1349,22.16,Normal,3.2,25.27,17.2
P103330,Clothing,726,157,101.49,Winter,3.3,103.35,98.02
P103331,Home Decor,763,965,162.41,Summer,2.7,153.24,125.47
P103332,Clothing,662,553,114.66,Festival,4.5,106.28,95.06
P103333,Electronics,812,1359,742.44,Summer,3.4,843.48,600.8
P103334,Clothing,708,831,98.85,Festival,4.9,110.76,82.35
P103335,Clothing,641,906,77.43,Summer,3.1,83.63,61.08
P103336,Clothing,891,1133,77.97,Normal,3.7,79.36,64.27
P103337,Grocery,337,366,29.38,Normal,3.3,28.9,24.26
P103338,Home Decor,467,817,156.61,Summer,4.2,167.56,125.81
P103339,Clothing,571,1160,97.56,Winter,4.5,86.1,72.18
P103340,Grocery,676,1167,29.4,Normal,3.7,30.03,22.12
P103341,Clothing,486,345,92.58,Summer,3.4,98.44,79.9
P103342,Footwear,452,1257,119.43,Festival,4.4,129.4,92.16
P103343,Electronics,182,248,740.57,Normal,3.0,741.9,605.71
P103344,Electronics,645,401,779.23,Winter,4.0,842.5,721.68
P103345,Grocery,141,1285,20.64,Normal,4.3,18.7,14.57
P103346,Footwear,485,926,170.44,Festival,3.2,160.72,118.9
P103347,Footwear,420,815,124.16,Festival,4.1,114.11,91.21
P103348,Grocery,781,837,31.75,Summer,4.3,30.86,24.34
P103349,Footwear,487,1453,105.11,Summer,2.8,102.27,81.88
P103350,Clothing,25,344,76.0,Summer,3.3,74.56,62.12
P103351,Electronics,515,452,725.92,Normal,3.5,730.11,608.0
P103352,Electronics,231,737,571.36,Normal,4.4,570.11,429.44
P103353,Electronics,392,1268,584.7,Normal,3.9,591.96,447.17
P103354,Clothing,310,825,67.96,Summer,3.6,73.62,49.11
P103355,Grocery,183,1090,34.67,Festival,3.3,31.84,21.78
P103356,Clothing,946,1226,66.89,Normal,2.5,65.2,55.06
P103357,Grocery,268,1338,27.3,Normal,2.6,24.03,16.86
P103358,Grocery,516,694,27.56,Summer,3.1,24.47,19.34
P103359,Footwear,831,689,124.78,Normal,2.8,130.24,99.59
P103360,Footwear,377,125,121.29,Summer,2.8,135.42,123.48
P103361,Clothing,938,125,78.18,Summer,4.0,75.26,83.55
P103362,Clothing,416,733,98.52,Normal,4.0,97.39,73.86
P103363,Grocery,947,1124,34.15,Festival,2.6,31.99,24.64
P103364,Grocery,462,1257,32.24,Winter,4.0,29.62,22.98
P103365,Clothing,34,615,107.2,Festival,2.9,119.92,71.74
P103366,Clothing,870,859,94.12,Normal,3.4,97.36,73.73
P103367,Footwear,866,1219,152.6,Summer,5.0,163.33,128.91
P103368,Grocery,963,481,25.38,Normal,3.8,28.37,23.52
P103369,Electronics,141,241,833.67,Winter,2.6,866.07,677.39
P103370,Clothing,847,1381,69.09,Summer,3.4,64.17,56.4
P103371,Home Decor,354,821,165.31,Winter,4.2,177.31,125.61
P103372,Electronics,844,237,790.67,Festival,3.1,855.43,750.64
P103373,Home Decor,964,381,188.22,Summer,4.9,186.67,183.14
P103374,Electronics,215,493,694.81,Winter,3.6,727.15,546.13
P103375,Grocery,383,305,31.0,Festival,2.6,31.34,25.32
P103376,Clothing,283,658,99.26,Festival,3.9,96.27,72.79
P103377,Electronics,318,1220,776.32,Normal,4.2,824.11,561.3
P103378,Home Decor,604,1108,174.37,Normal,3.6,165.1,139.53
P103379,Clothing,424,1375,81.07,Winter,4.8,78.51,64.97
P103380,Home Decor,663,1254,214.04,Winter,4.8,211.8,168.79
P103381,Clothing,680,470,103.73,Festival,2.8,108.5,85.46
P103382,Home Decor,218,92,249.96,Festival,2.7,277.48,216.95
P103383,Home Decor,63,231,176.68,Summer,3.3,184.82,152.02
P103384,Grocery,751,1189,21.8,Winter,4.0,23.46,18.69
P103385,Electronics,197,513,820.77,Summer,4.0,787.13,613.69
P103386,Footwear,215,1082,106.72,Winter,3.2,110.84,76.16
P103387,Grocery,609,689,27.81,Normal,4.9,25.25,22.05
P103388,Home Decor,277,1342,203.56,Festival,3.3,204.6,142.38
P103389,Clothing,205,764,84.98,Winter,4.5,90.61,61.67
P103390,Clothing,320,1351,111.43,Festival,4.6,103.46,77.61
P103391,Electronics,532,379,650.27,Normal,2.7,730.62,569.22
P103392,Footwear,849,1167,112.2,Winter,3.1,111.37,87.4
P103393,Home Decor,988,788,218.35,Winter,3.0,231.72,174.67
P103394,Electronics,737,289,538.65,Normal,4.8,542.35,544.77
P103395,Footwear,900,354,115.95,Summer,3.4,124.96,111.47
P103396,Home Decor,540,474,223.31,Festival,4.6,231.74,197.19
P103397,Electronics,420,236,773.32,Festival,3.7,706.11,658.49
P103398,Electronics,823,1404,706.35,Normal,3.6,797.95,612.74
P103399,Footwear,316,323,118.08,Normal,4.8,124.95,110.4
P103400,Grocery,816,899,24.7,Normal,3.6,24.88,19.34
P103401,Electronics,998,858,743.93,Festival,4.4,790.56,650.8
P103402,Home Decor,402,810,222.76,Summer,3.6,211.72,152.7
P103403,Grocery,640,943,24.41,Festival,2.8,26.55,20.22
P103404,Home Decor,785,1373,220.33,Normal,2.6,218.35,164.09
P103405,Home Decor,787,1451,175.33,Normal,3.0,192.4,144.23
P103406,Footwear,222,1311,117.23,Normal,4.3,111.83,84.48
P103407,Grocery,963,692,29.15,Summer,3.4,31.87,24.73
P103408,Clothing,513,1092,78.96,Normal,3.6,88.81,61.79
P103409,Grocery,60,282,27.13,Normal,2.8,31.06,22.06
P103410,Electronics,135,1323,785.56,Normal,4.1,856.04,562.84
P103411,Grocery,733,297,29.6,Normal,4.5,31.67,29.41
P103412,Electronics,438,175,798.91,Festival,4.1,815.2,719.04
P103413,Grocery,125,1243,33.28,Festival,5.0,30.24,23.42
P103414,Electronics,529,1137,681.25,Winter,2.5,702.47,506.84
P103415,Clothing,607,211,95.06,Summer,2.5,98.11,84.7
P103416,Clothing,98,1448,71.45,Normal,3.8,64.13,48.23
P103417,Grocery,363,171,20.99,Normal,3.2,22.39,21.3
P103418,Footwear,473,78,126.3,Normal,4.2,116.22,123.64
P103419,Electronics,784,1433,628.78,Winter,4.5,654.61,544.68
P103420,Home Decor,658,338,210.12,Summer,2.8,211.72,182.14
P103421,Home Decor,105,356,164.77,Winter,4.8,183.93,150.18
P103422,Clothing,621,1191,65.89,Normal,2.6,62.12,50.65
P103423,Grocery,904,912,32.76,Festival,4.2,30.34,25.26
P103424,Clothing,73,782,82.83,Normal,3.5,85.21,57.24
P103425,Electronics,986,1482,847.03,Winter,4.2,850.65,703.27
P103426,Grocery,113,134,27.33,Festival,2.7,25.24,23.45
P103427,Electronics,630,1388,567.45,Normal,4.8,593.38,471.48
P103428,Home Decor,364,405,153.87,Summer,4.8,173.04,139.33
P103429,Home Decor,736,935,181.98,Normal,3.8,196.52,155.47
P103430,Footwear,845,489,122.25,Festival,3.8,114.5,112.75
P103431,Grocery,854,443,29.7,Summer,4.1,28.05,26.62
P103432,Grocery,872,484,21.91,Summer,4.0,22.58,21.93
P103433,Home Decor,819,840,218.87,Normal,3.9,232.64,176.67
P103434,Clothing,323,1317,99.36,Festival,4.0,113.7,72.35
P103435,Electronics,475,173,727.64,Normal,4.6,660.91,651.49
P103436,Grocery,724,994,21.91,Normal,4.0,22.51,17.25
P103437,Clothing,185,1291,72.8,Winter,3.0,83.47,53.67
P103438,Clothing,585,1103,77.77,Normal,4.8,70.76,59.5
P103439,Electronics,539,1470,678.46,Normal,3.0,775.21,515.06
P103440,Grocery,983,25,27.49,Summer,2.9,27.62,28.77
P103441,Clothing,68,546,76.94,Normal,5.0,82.62,64.19
P103442,Electronics,112,644,645.76,Winter,3.0,642.42,450.44
P103443,Electronics,49,805,855.74,Winter,2.8,947.38,554.07
P103444,Clothing,556,480,79.48,Winter,3.9,89.44,70.49
P103445,Home Decor,559,383,158.28,Normal,4.6,146.4,149.11
P103446,Clothing,600,1278,80.3,Summer,2.7,86.87,61.19
P103447,Footwear,257,352,120.92,Winter,3.7,107.09,98.98
P103448,Footwear,321,1431,120.16,Normal,2.7,114.72,87.8
P103449,Clothing,428,60,89.67,Summer,3.6,92.28,91.77
P103450,Footwear,66,637,129.52,Normal,3.4,135.07,94.88
P103451,Footwear,757,916,134.43,Normal,2.8,131.56,102.28
P103452,Grocery,71,1459,22.85,Summer,4.8,21.78,15.66
P103453,Electronics,673,1148,562.22,Summer,4.1,520.81,452.77
P103454,Electronics,464,26,754.03,Normal,4.6,712.35,738.07
P103455,Home Decor,998,1124,169.34,Summer,4.8,154.97,147.47
P103456,Footwear,698,491,118.13,Summer,4.8,112.28,104.7
P103457,Home Decor,486,1290,182.87,Normal,4.4,201.48,146.46
P103458,Home Decor,706,1163,203.04,Normal,3.3,194.44,154.68
P103459,Electronics,134,291,682.89,Festival,4.6,768.31,644.46
P103460,Footwear,197,543,171.06,Festival,3.8,161.86,128.1
P103461,Clothing,508,1232,76.66,Normal,3.2,77.64,60.21
P103462,Footwear,860,1381,175.94,Festival,3.5,162.79,131.95
P103463,Electronics,823,907,723.07,Festival,3.3,639.64,533.37
P103464,Clothing,389,331,90.56,Normal,3.7,94.99,80.44
P103465,Footwear,297,587,139.05,Festival,4.5,135.04,104.91
P103466,Footwear,965,1194,167.05,Festival,3.7,162.57,129.03
P103467,Grocery,574,899,27.0,Winter,3.2,26.73,21.11
P103468,Clothing,135,306,112.74,Festival,2.7,122.89,90.32
P103469,Clothing,240,431,108.01,Festival,4.6,106.71,86.89
P103470,Home Decor,839,299,204.54,Winter,3.5,184.76,187.53
P103471,Clothing,900,706,78.65,Winter,3.6,75.13,64.2
P103472,Clothing,910,671,74.54,Normal,4.4,77.19,61.91
P103473,Grocery,26,814,33.03,Winter,4.6,37.92,22.65
P103474,Clothing,826,1417,100.36,Summer,3.8,92.19,77.05
P103475,Grocery,129,979,23.31,Winter,4.1,22.55,15.98
P103476,Clothing,812,880,74.8,Summer,3.1,75.63,59.51
P103477,Footwear,883,552,103.91,Normal,4.8,117.95,98.8
P103478,Home Decor,374,954,172.97,Winter,3.9,157.28,121.98
P103479,Home Decor,209,1433,180.27,Winter,4.3,197.27,135.04
P103480,Grocery,719,19,29.5,Normal,2.8,31.72,30.37
P103481,Clothing,87,527,70.94,Summer,4.1,68.3,57.59
P103482,Footwear,587,89,148.23,Summer,3.4,161.42,143.03
P103483,Home Decor,344,309,222.83,Normal,3.6,230.67,191.3
P103484,Grocery,435,105,27.76,Festival,4.2,25.72,25.04
P103485,Footwear,829,890,121.94,Normal,4.5,116.72,99.3
P103486,Footwear,993,1230,125.71,Normal,3.4,121.77,104.13
P103487,Footwear,414,1410,109.01,Normal,4.7,105.44,84.11
P103488,Footwear,304,359,140.23,Summer,3.0,151.67,120.69
P103489,Electronics,837,1050,695.11,Normal,3.9,735.62,582.45
P103490,Grocery,424,496,21.71,Normal,2.9,23.91,18.7
P103491,Grocery,215,477,31.04,Summer,3.2,31.59,23.49
P103492,Electronics,904,916,617.46,Normal,4.7,601.81,513.3
P103493,Home Decor,991,1020,169.28,Winter,2.5,152.06,124.86
P103494,Grocery,303,878,31.05,Normal,4.8,33.99,22.51
P103495,Electronics,174,154,662.88,Festival,3.3,596.72,578.05
P103496,Footwear,169,618,119.75,Festival,4.2,115.12,94.34
P103497,Footwear,606,432,113.98,Summer,2.7,120.88,96.52
P103498,Footwear,323,11,114.87,Normal,4.1,124.79,117.14
P103499,Clothing,630,65,95.02,Festival,4.8,85.37,90.29
P103500,Home Decor,764,677,206.65,Summer,3.9,215.76,165.02
P103501,Clothing,25,155,80.53,Summer,3.4,73.84,67.36
P103502,Grocery,862,1109,26.51,Normal,4.5,28.75,22.15
P103503,Electronics,48,89,550.66,Summer,4.3,593.1,497.81
P103504,Grocery,132,356,29.07,Festival,2.8,31.46,24.29
P103505,Footwear,730,1478,147.16,Normal,4.2,132.03,110.07
P103506,Grocery,629,1063,30.56,Winter,4.2,31.51,22.86
P103507,Grocery,978,838,33.59,Festival,4.4,31.74,26.71
P103508,Footwear,575,27,120.96,Winter,3.3,122.64,120.97
P103509,Footwear,428,70,123.59,Normal,3.5,141.78,125.56
P103510,Clothing,675,1362,94.65,Normal,4.9,85.61,71.74
P103511,Home Decor,766,1200,228.67,Winter,3.9,237.9,180.07
P103512,Footwear,677,1425,159.38,Festival,3.8,147.35,119.12
P103513,Home Decor,383,1213,215.86,Festival,5.0,219.69,156.5
P103514,Home Decor,960,8,153.26,Normal,3.1,156.43,167.78
P103515,Home Decor,315,1209,166.25,Winter,3.5,166.78,125.77
P103516,Footwear,359,689,116.13,Festival,4.4,122.25,90.16
P103517,Grocery,292,1040,24.36,Normal,4.3,27.85,18.91
P103518,Electronics,313,623,555.72,Summer,4.9,609.85,465.28
P103519,Grocery,228,1082,29.71,Festival,4.1,33.83,21.66
P103520,Footwear,589,1263,133.11,Summer,3.3,123.95,95.27
P103521,Grocery,734,1461,31.75,Festival,3.5,36.45,24.44
P103522,Home Decor,440,813,202.01,Winter,2.7,194.42,142.85
P103523,Electronics,924,422,596.21,Normal,4.8,530.17,585.9
P103524,Clothing,484,918,88.47,Winter,2.8,88.27,63.0
P103525,Grocery,477,752,31.96,Summer,3.9,30.25,23.4
P103526,Clothing,87,307,80.89,Normal,3.5,87.83,67.45
P103527,Electronics,905,1088,777.42,Normal,2.8,702.38,567.59
P103528,Electronics,165,120,639.6,Normal,3.2,657.49,580.59
P103529,Home Decor,181,607,195.82,Normal,4.1,187.63,146.93
P103530,Grocery,936,1040,27.22,Winter,2.6,25.47,20.64
P103531,Electronics,529,1381,856.05,Festival,4.9,955.72,685.87
P103532,Electronics,86,932,807.33,Summer,4.8,822.82,543.14
P103533,Grocery,452,1468,26.0,Summer,2.7,25.16,18.25
P103534,Electronics,598,1249,744.69,Normal,4.7,805.35,611.91
P103535,Footwear,29,358,143.94,Normal,3.3,159.82,117.77
P103536,Footwear,759,1267,143.31,Summer,2.7,143.22,109.15
P103537,Clothing,675,507,68.44,Summer,3.3,63.59,60.86
P103538,Grocery,31,948,20.5,Normal,4.5,23.55,15.49
P103539,Electronics,626,305,803.18,Summer,4.2,784.65,698.16
P103540,Clothing,238,809,96.13,Winter,3.1,89.93,63.33
P103541,Home Decor,739,1020,228.41,Summer,4.3,207.37,174.57
P103542,Grocery,389,1371,24.35,Summer,4.3,22.25,18.41
P103543,Home Decor,218,1415,221.1,Winter,4.4,250.87,161.02
P103544,Clothing,516,1202,93.17,Normal,3.9,105.81,70.62
P103545,Clothing,454,840,100.8,Winter,4.5,102.53,73.36
P103546,Grocery,354,1324,32.97,Festival,4.1,35.17,23.66
P103547,Grocery,880,163,21.99,Normal,2.8,24.29,21.95
P103548,Home Decor,656,1493,236.36,Festival,4.5,243.57,180.67
P103549,Electronics,497,309,701.95,Normal,3.3,744.13,630.09
P103550,Home Decor,241,608,173.43,Normal,4.3,197.89,141.73
P103551,Home Decor,577,1361,193.22,Festival,4.2,179.04,143.65
P103552,Grocery,44,1076,35.42,Festival,3.3,32.49,21.6
P103553,Clothing,887,1275,70.48,Normal,2.9,76.36,57.55
P103554,Grocery,21,1033,25.04,Normal,4.2,26.79,17.46
P103555,Clothing,704,903,87.02,Normal,4.6,80.95,69.26
P103556,Footwear,358,265,153.0,Summer,4.6,147.13,133.44
P103557,Grocery,724,1494,27.71,Normal,4.1,29.51,24.25
P103558,Home Decor,374,956,171.2,Normal,3.1,173.51,123.62
P103559,Grocery,45,1003,22.42,Winter,3.3,25.14,16.39
P103560,Grocery,949,644,23.92,Normal,4.4,26.45,21.85
P103561,Footwear,770,1428,120.32,Winter,3.5,121.7,94.44
P103562,Grocery,63,678,31.06,Winter,4.3,32.93,23.2
P103563,Home Decor,52,289,176.75,Normal,3.3,186.25,152.0
P103564,Electronics,539,274,594.15,Winter,2.5,537.62,488.44
P103565,Home Decor,957,1049,227.83,Winter,4.0,226.67,177.66
P103566,Footwear,586,1118,105.29,Winter,4.0,105.16,83.34
P103567,Home Decor,30,312,147.83,Normal,4.1,165.91,130.09
P103568,Grocery,705,1048,27.14,Winter,3.2,30.37,20.58
P103569,Home Decor,439,1496,152.96,Normal,4.5,136.98,117.37
P103570,Clothing,645,800,71.69,Normal,3.7,79.45,55.17
P103571,Footwear,363,1455,176.1,Festival,4.4,184.06,127.32
P103572,Electronics,27,239,769.0,Normal,4.0,680.09,620.07
P103573,Clothing,37,607,91.88,Normal,3.5,90.33,66.32
P103574,Clothing,639,837,94.0,Winter,4.2,105.26,74.98
P103575,Clothing,642,540,67.24,Normal,3.9,65.68,62.03
P103576,Clothing,335,154,111.34,Festival,3.8,118.31,100.84
P103577,Footwear,100,690,126.39,Summer,4.1,130.53,94.14
P103578,Clothing,777,512,73.12,Winter,2.7,75.99,62.62
P103579,Footwear,168,309,134.42,Festival,4.8,135.74,120.38
P103580,Electronics,204,561,693.5,Summer,3.3,700.6,522.56
P103581,Footwear,463,629,116.95,Festival,3.1,131.41,99.42
P103582,Footwear,721,1325,118.11,Winter,4.4,117.13,99.49
P103583,Clothing,995,739,91.04,Festival,3.1,84.82,71.52
P103584,Footwear,632,626,126.0,Summer,5.0,125.16,107.76
P103585,Home Decor,961,586,147.75,Normal,3.6,159.26,138.07
P103586,Footwear,659,899,135.23,Winter,3.2,136.36,99.29
P103587,Clothing,850,417,74.57,Summer,2.7,80.36,70.6
P103588,Grocery,192,1312,28.54,Winter,2.6,26.96,18.99
P103589,Footwear,75,631,130.67,Festival,2.7,135.55,86.73
P103590,Clothing,675,641,93.76,Festival,2.5,104.38,74.36
P103591,Footwear,975,100,154.08,Festival,3.3,157.61,159.37
P103592,Clothing,742,1326,90.83,Summer,3.3,95.55,73.58
P103593,Footwear,356,709,99.98,Normal,3.6,106.31,80.87
P103594,Electronics,499,209,723.51,Winter,3.1,781.18,644.74
P103595,Electronics,129,261,784.09,Summer,2.7,764.16,601.67
P103596,Home Decor,353,550,163.58,Normal,2.7,171.63,128.86
P103597,Home Decor,689,1171,188.78,Normal,3.0,187.33,149.07
P103598,Home Decor,183,146,215.05,Festival,3.3,211.94,181.02
P103599,Home Decor,491,185,226.19,Winter,2.9,228.07,205.13
P103600,Clothing,304,843,85.54,Winter,3.4,84.69,59.25
P103601,Clothing,500,751,115.72,Festival,4.8,102.64,83.28
P103602,Electronics,768,1436,736.81,Summer,3.2,796.01,564.36
P103603,Grocery,887,1129,28.13,Winter,2.9,29.19,21.97
P103604,Clothing,421,987,75.64,Normal,4.2,69.37,53.92
P103605,Home Decor,830,507,193.77,Normal,3.7,184.19,174.23
P103606,Electronics,708,940,603.86,Winter,2.6,631.03,458.86
P103607,Electronics,923,878,668.82,Summer,4.5,682.11,538.9
P103608,Clothing,745,420,75.38,Normal,4.3,81.06,69.22
P103609,Electronics,559,559,763.56,Winter,4.9,772.8,643.09
P103610,Clothing,680,1397,94.64,Summer,4.8,104.86,76.65
P103611,Grocery,331,809,31.4,Summer,4.0,28.29,21.93
P103612,Clothing,680,709,73.24,Normal,4.2,76.58,60.8
P103613,Grocery,714,1195,35.41,Festival,3.5,34.72,26.77
P103614,Home Decor,618,404,219.47,Summer,4.7,211.32,191.71
P103615,Grocery,120,333,30.66,Summer,3.9,34.8,26.5
P103616,Footwear,528,1481,161.2,Festival,3.3,179.45,116.96
P103617,Clothing,716,1205,88.28,Festival,2.5,82.06,60.92
P103618,Electronics,213,637,778.37,Normal,4.0,697.03,536.29
P103619,Clothing,791,1419,88.81,Summer,3.8,98.95,70.46
P103620,Home Decor,845,560,204.92,Normal,4.5,189.7,170.13
P103621,Grocery,547,1014,22.71,Normal,3.0,25.67,18.2
P103622,Clothing,964,57,83.8,Festival,4.5,80.02,90.26
P103623,Clothing,860,1047,77.38,Summer,2.5,76.69,60.5
P103624,Home Decor,477,271,187.18,Normal,4.0,166.99,167.31
P103625,Footwear,886,365,127.09,Winter,3.5,130.29,115.01
P103626,Grocery,934,1214,30.94,Summer,3.3,28.81,23.95
P103627,Home Decor,125,312,157.52,Winter,3.6,156.96,128.79
P103628,Footwear,998,726,102.53,Normal,3.1,115.68,88.79
P103629,Grocery,24,1381,25.44,Winter,3.0,24.12,15.43
P103630,Electronics,496,1432,579.88,Normal,4.5,609.7,478.06
P103631,Electronics,939,668,763.09,Festival,3.1,713.14,577.64
P103632,Home Decor,729,130,239.71,Festival,4.3,250.41,233.83
P103633,Grocery,281,433,32.11,Summer,4.3,30.77,24.84
P103634,Clothing,650,925,85.61,Festival,2.6,91.09,64.43
P103635,Grocery,230,508,24.06,Summer,4.7,26.18,20.33
P103636,Electronics,252,1081,792.73,Winter,4.5,886.1,602.5
P103637,Footwear,913,1488,119.18,Winter,4.5,134.44,104.33
P103638,Electronics,66,933,773.48,Winter,4.5,731.06,538.01
P103639,Footwear,962,939,151.64,Festival,4.0,138.72,119.14
P103640,Grocery,464,797,30.58,Summer,5.0,27.31,21.72
P103641,Clothing,83,283,70.75,Winter,2.9,76.02,58.97
P103642,Electronics,791,869,806.84,Normal,2.7,750.73,610.47
P103643,Footwear,67,1398,152.6,Summer,4.3,167.26,110.52
P103644,Electronics,338,1035,571.61,Winter,3.2,651.92,453.59
P103645,Electronics,255,1129,712.97,Winter,4.0,655.9,510.64
P103646,Footwear,788,1295,126.26,Winter,3.5,120.77,99.17
P103647,Clothing,408,584,74.34,Normal,3.3,75.94,60.25
P103648,Clothing,661,507,105.19,Winter,4.7,104.8,89.95
P103649,Clothing,90,1455,75.9,Winter,2.9,75.52,54.97
P103650,Home Decor,701,692,198.24,Festival,3.0,186.07,147.94
P103651,Clothing,716,1101,69.84,Winter,4.2,78.22,60.21
P103652,Electronics,300,955,695.17,Normal,4.5,739.68,495.5
P103653,Clothing,883,189,95.21,Normal,4.6,87.74,91.35
P103654,Electronics,480,474,728.03,Summer,3.1,641.54,595.57
P103655,Clothing,673,492,93.3,Winter,4.7,101.31,85.62
P103656,Electronics,198,272,568.08,Summer,4.0,502.35,483.8
P103657,Electronics,934,1169,754.77,Summer,4.6,843.62,649.78
P103658,Clothing,261,1449,94.01,Festival,2.7,96.17,61.3
P103659,Home Decor,633,1449,217.43,Festival,3.4,245.94,167.17
P103660,Electronics,108,296,738.3,Winter,3.8,803.57,601.31
P103661,Electronics,63,677,853.95,Winter,3.9,957.68,606.07
P103662,Home Decor,144,352,217.84,Winter,2.7,235.45,175.99
P103663,Home Decor,943,98,200.54,Normal,3.8,207.69,214.09
P103664,Footwear,226,929,120.69,Normal,4.2,111.84,90.14
P103665,Clothing,881,1290,68.79,Summer,3.4,74.05,58.98
P103666,Clothing,588,120,99.27,Festival,3.8,103.24,90.95
P103667,Electronics,106,964,760.78,Winter,3.2,762.88,538.66
P103668,Electronics,452,55,729.82,Normal,4.7,752.31,718.9
P103669,Clothing,489,1265,102.08,Festival,4.0,96.23,73.51
P103670,Grocery,281,100,23.73,Normal,3.9,23.47,22.44
P103671,Clothing,612,656,75.4,Summer,4.9,68.88,62.5
P103672,Grocery,863,189,22.76,Winter,4.2,22.54,23.8
P103673,Clothing,886,621,89.78,Normal,3.2,90.32,74.68
P103674,Clothing,534,646,101.96,Summer,4.1,113.34,79.53
P103675,Footwear,895,812,129.26,Summer,4.9,132.14,116.91
P103676,Home Decor,924,1244,199.7,Normal,2.6,224.75,164.21
P103677,Clothing,106,1494,89.43,Normal,4.1,102.06,65.02
P103678,Grocery,642,516,22.24,Normal,2.9,19.86,19.43
P103679,Clothing,777,1385,72.2,Normal,4.5,75.17,58.98
P103680,Electronics,35,644,591.19,Normal,4.1,568.01,446.02
P103681,Footwear,611,181,150.93,Summer,4.8,167.51,149.97
P103682,Electronics,915,902,634.08,Festival,4.2,642.58,538.98
P103683,Clothing,282,1085,84.22,Normal,2.5,75.89,56.66
P103684,Grocery,860,456,24.55,Normal,3.8,23.03,20.69
P103685,Electronics,935,886,760.33,Winter,4.8,807.43,621.52
P103686,Electronics,642,651,612.47,Summer,3.1,552.14,501.13
P103687,Clothing,636,221,98.66,Normal,2.7,96.92,87.09
P103688,Home Decor,544,582,183.63,Winter,4.3,204.81,167.97
P103689,Grocery,420,644,31.37,Summer,3.8,27.85,23.48
P103690,Clothing,463,516,85.87,Normal,2.6,91.71,68.65
P103691,Electronics,531,1373,765.63,Festival,3.2,813.39,563.29
P103692,Grocery,492,585,30.09,Winter,3.3,29.09,24.04
P103693,Electronics,829,941,708.21,Summer,4.2,644.78,587.91
P103694,Grocery,773,21,22.65,Summer,3.7,20.56,23.4
P103695,Footwear,360,473,134.75,Normal,3.7,153.84,118.88
P103696,Clothing,522,1329,100.93,Festival,4.5,107.27,79.49
P103697,Clothing,230,1339,87.61,Summer,3.2,85.99,62.56
P103698,Electronics,192,1466,783.67,Winter,4.2,866.0,569.54
P103699,Electronics,381,90,737.12,Summer,3.4,669.23,648.04
P103700,Clothing,77,1294,80.54,Summer,3.5,73.64,51.51
P103701,Home Decor,857,405,182.59,Winter,3.9,170.42,161.39
P103702,Clothing,143,13,87.59,Festival,4.2,95.14,87.93
P103703,Grocery,340,143,27.48,Summer,4.9,27.22,26.07
P103704,Footwear,266,1127,120.71,Winter,3.2,127.16,83.42
P103705,Electronics,222,889,600.66,Winter,2.8,566.28,429.37
P103706,Electronics,380,861,796.87,Winter,3.6,868.48,576.04
P103707,Clothing,724,1323,74.98,Summer,3.9,82.21,60.95
P103708,Footwear,894,145,110.11,Summer,3.1,109.19,119.15
P103709,Clothing,204,128,97.65,Summer,4.7,91.45,84.02
P103710,Footwear,254,1399,142.71,Winter,4.5,149.86,104.81
P103711,Home Decor,480,911,206.9,Normal,3.7,196.38,146.64
P103712,Footwear,333,1165,119.97,Summer,3.6,110.38,82.66
P103713,Home Decor,803,789,195.39,Normal,2.6,204.43,144.17
P103714,Footwear,238,222,146.5,Normal,3.8,149.21,126.67
P103715,Home Decor,414,786,174.57,Summer,4.0,190.54,131.8
P103716,Home Decor,554,1446,157.53,Summer,4.7,151.06,128.55
P103717,Footwear,393,180,110.43,Summer,3.8,103.9,102.05
P103718,Footwear,624,193,149.05,Summer,2.9,156.94,136.59
P103719,Home Decor,803,523,199.88,Festival,3.0,213.73,169.04
P103720,Grocery,541,684,26.55,Summer,2.9,26.33,20.86
P103721,Grocery,467,945,26.25,Normal,4.8,26.23,20.73
P103722,Grocery,952,242,36.37,Festival,4.5,33.22,34.07
P103723,Home Decor,982,1401,170.93,Normal,4.6,172.09,141.58
P103724,Clothing,995,229,83.54,Normal,4.6,95.19,87.79
P103725,Footwear,36,304,174.45,Festival,2.7,158.87,129.69
P103726,Footwear,840,1451,108.79,Normal,4.3,112.42,94.99
P103727,Home Decor,900,568,193.88,Normal,4.3,171.57,170.13
P103728,Clothing,809,860,71.86,Winter,3.1,69.55,56.71
P103729,Footwear,754,655,115.33,Summer,3.7,125.19,101.28
P103730,Footwear,378,392,108.09,Winter,4.2,111.67,99.92
P103731,Home Decor,731,762,178.35,Summer,4.7,160.85,140.88
P103732,Home Decor,588,1165,193.02,Festival,2.8,193.41,140.45
P103733,Grocery,834,22,30.83,Winter,4.7,27.79,31.11
P103734,Grocery,364,1313,30.07,Festival,4.8,29.49,22.36
P103735,Electronics,747,280,646.2,Normal,4.8,702.82,671.72
P103736,Home Decor,788,1376,213.26,Winter,2.5,202.54,154.03
P103737,Clothing,837,1443,115.86,Festival,3.1,116.14,85.85
P103738,Footwear,188,1399,120.8,Winter,4.2,122.62,86.72
P103739,Footwear,866,977,101.84,Normal,3.3,113.09,89.44
P103740,Clothing,232,1358,81.86,Festival,2.7,74.73,51.83
P103741,Electronics,938,1290,795.77,Summer,4.4,818.54,636.03
P103742,Electronics,57,960,769.42,Normal,2.6,683.48,458.15
P103743,Home Decor,239,1338,189.93,Summer,3.6,171.92,129.17
P103744,Grocery,616,516,22.09,Normal,4.9,20.75,19.89
P103745,Electronics,552,1252,802.58,Festival,3.6,862.23,587.49
P103746,Footwear,694,1388,140.86,Winter,4.8,125.52,110.16
P103747,Clothing,415,954,77.03,Normal,3.5,87.44,62.72
P103748,Home Decor,23,188,153.99,Normal,3.4,153.29,135.73
P103749,Clothing,625,325,76.67,Normal,2.8,84.84,73.61
P103750,Electronics,520,257,856.7,Festival,3.4,805.22,718.77
P103751,Electronics,518,802,806.45,Normal,3.3,783.24,561.33
P103752,Grocery,389,653,23.9,Winter,4.6,25.72,19.96
P103753,Clothing,892,1241,97.06,Normal,4.8,95.35,78.91
P103754,Footwear,796,429,121.96,Normal,2.6,124.04,104.85
P103755,Grocery,197,252,28.46,Summer,2.7,31.26,24.97
P103756,Clothing,58,925,98.17,Summer,4.1,103.65,68.14
P103757,Clothing,197,212,89.86,Winter,3.7,99.36,81.68
P103758,Clothing,67,1358,69.75,Summer,3.2,63.0,45.63
P103759,Home Decor,715,126,178.26,Winter,3.1,186.14,186.13
P103760,Electronics,627,739,780.13,Summer,3.1,813.15,582.63
P103761,Home Decor,473,1423,224.66,Festival,3.8,234.53,170.4
P103762,Clothing,599,833,79.23,Summer,2.5,82.32,58.19
P103763,Electronics,812,1213,737.79,Winter,4.3,793.45,609.63
P103764,Clothing,834,637,74.84,Normal,3.3,82.91,66.63
P103765,Electronics,445,1133,636.38,Winter,3.6,599.47,498.6
P103766,Footwear,600,1062,149.61,Winter,3.8,135.88,106.61
P103767,Grocery,585,772,24.8,Normal,3.0,22.32,18.11
P103768,Clothing,950,155,75.03,Normal,4.7,69.23,80.84
P103769,Footwear,766,1456,141.03,Festival,4.2,149.08,109.03
P103770,Grocery,328,77,31.31,Summer,4.7,31.07,28.14
P103771,Home Decor,889,538,166.44,Summer,3.7,162.17,144.65
P103772,Home Decor,409,963,161.94,Normal,3.6,182.29,131.53
P103773,Footwear,762,1154,116.65,Normal,3.1,131.01,100.2
P103774,Footwear,978,804,101.52,Normal,3.9,104.11,85.32
P103775,Footwear,812,604,102.27,Normal,4.0,102.65,87.51
P103776,Grocery,125,614,21.24,Summer,3.5,20.24,16.83
P103777,Footwear,221,1463,112.3,Winter,2.9,112.77,77.23
P103778,Electronics,799,504,711.99,Normal,3.2,705.54,603.52
P103779,Footwear,140,1282,108.54,Normal,2.5,95.72,75.73
P103780,Home Decor,31,82,182.15,Summer,3.3,197.6,169.51
P103781,Electronics,272,990,861.65,Festival,4.0,860.28,614.66
P103782,Home Decor,496,1022,154.57,Summer,4.9,145.32,114.93
P103783,Home Decor,145,1015,163.78,Normal,2.9,173.59,110.32
P103784,Clothing,170,635,105.85,Winter,2.6,105.94,74.43
P103785,Grocery,352,1037,26.92,Normal,3.2,25.97,19.1
P103786,Home Decor,606,670,204.64,Summer,2.9,192.84,148.84
P103787,Home Decor,553,892,221.3,Festival,4.2,198.28,158.44
P103788,Electronics,802,1340,947.5,Festival,2.5,962.49,708.04
P103789,Clothing,981,1010,74.8,Winter,5.0,73.4,68.18
P103790,Footwear,52,1107,101.88,Normal,4.6,90.76,71.85
P103791,Clothing,694,1453,93.68,Normal,3.7,102.98,72.67
P103792,Clothing,180,333,65.74,Normal,4.8,72.2,60.78
P103793,Electronics,373,883,731.35,Winter,4.1,740.35,558.99
P103794,Electronics,355,987,533.39,Normal,5.0,590.2,461.24
P103795,Grocery,706,1044,28.61,Festival,3.2,28.89,21.8
P103796,Grocery,270,202,32.45,Festival,5.0,30.03,28.03
P103797,Grocery,896,1141,27.97,Winter,3.0,28.52,22.64
P103798,Footwear,395,295,150.2,Festival,3.4,144.85,130.61
P103799,Clothing,818,616,73.14,Summer,4.8,73.3,62.86
P103800,Clothing,952,1072,80.28,Winter,3.4,91.69,68.08
P103801,Electronics,520,398,753.4,Summer,3.0,735.31,642.18
P103802,Electronics,119,193,571.88,Winter,2.6,536.59,481.67
P103803,Clothing,707,1014,88.66,Summer,2.9,81.1,63.66
P103804,Electronics,434,423,697.85,Summer,3.4,780.65,608.98
P103805,Electronics,351,1240,629.14,Normal,3.6,556.18,450.05
P103806,Electronics,467,1347,739.35,Festival,3.9,831.78,551.85
P103807,Footwear,313,528,143.81,Summer,4.5,128.96,110.67
P103808,Grocery,294,1108,24.61,Normal,2.5,26.65,17.84
P103809,Home Decor,989,340,153.78,Normal,4.6,147.52,155.86
P103810,Footwear,292,1394,148.04,Normal,3.9,140.27,99.96
P103811,Grocery,469,372,21.9,Normal,4.4,20.34,19.35
P103812,Electronics,720,1323,755.89,Normal,4.4,692.63,561.96
P103813,Grocery,236,1180,24.37,Festival,4.8,21.88,18.09
P103814,Electronics,625,472,634.85,Normal,2.7,585.24,505.13
P103815,Clothing,897,1237,83.32,Normal,3.9,86.56,69.19
P103816,Clothing,816,950,70.62,Winter,4.8,73.01,60.21
P103817,Clothing,47,1005,90.85,Normal,4.3,86.85,59.96
P103818,Clothing,416,571,74.56,Normal,2.7,79.3,62.44
P103819,Footwear,20,354,126.32,Normal,4.0,137.42,104.23
P103820,Home Decor,614,1047,208.93,Normal,4.5,239.15,166.89
P103821,Footwear,338,83,136.64,Winter,3.2,136.46,122.06
P103822,Grocery,895,525,26.92,Winter,4.1,26.41,24.21
P103823,Grocery,192,216,28.45,Festival,4.6,32.52,26.94
P103824,Electronics,854,6,545.61,Normal,3.8,618.93,657.05
P103825,Footwear,355,16,145.51,Normal,3.0,164.47,139.33
P103826,Grocery,921,145,26.86,Normal,3.9,28.06,28.04
P103827,Clothing,215,1409,87.32,Normal,4.0,91.41,63.15
P103828,Clothing,283,1157,80.75,Normal,3.5,91.3,60.75
P103829,Home Decor,364,1484,181.74,Summer,4.2,183.48,132.58
P103830,Grocery,985,130,21.0,Normal,3.6,19.69,23.32
P103831,Grocery,739,1496,22.99,Summer,4.7,26.34,20.07
P103832,Grocery,820,901,29.59,Festival,4.5,32.76,24.98
P103833,Clothing,561,1192,76.13,Summer,4.5,68.15,59.08
P103834,Grocery,798,1287,24.75,Festival,3.8,22.53,19.56
P103835,Clothing,634,396,89.45,Winter,3.0,100.02,77.97
P103836,Clothing,674,1112,84.01,Summer,4.3,80.76,65.56
P103837,Footwear,840,973,141.77,Festival,2.7,151.41,116.72
P103838,Electronics,983,623,752.19,Normal,3.8,685.86,650.26
P103839,Footwear,584,740,133.22,Summer,2.6,123.36,95.05
P103840,Clothing,452,316,65.65,Normal,3.8,71.02,61.99
P103841,Footwear,660,281,141.85,Summer,4.2,162.33,132.18
P103842,Grocery,746,1384,26.46,Summer,3.5,26.87,20.41
P103843,Grocery,986,1098,26.84,Summer,3.5,23.93,20.95
P103844,Grocery,704,851,35.47,Festival,2.8,33.46,24.86
P103845,Home Decor,955,1043,156.05,Normal,3.3,146.29,126.49
P103846,Grocery,737,611,31.79,Festival,3.6,36.01,27.18
P103847,Footwear,952,378,112.96,Normal,4.7,112.19,110.17
P103848,Footwear,756,1413,118.35,Festival,4.7,134.43,102.78
P103849,Clothing,887,1484,80.65,Normal,4.9,89.69,70.65
P103850,Clothing,206,326,75.36,Normal,2.8,75.49,60.62
P103851,Clothing,992,1203,69.59,Winter,3.2,61.71,59.42
P103852,Clothing,362,666,85.03,Summer,3.7,97.17,68.73
P103853,Clothing,801,1063,78.59,Summer,4.1,69.37,59.89
P103854,Clothing,404,167,95.03,Festival,4.3,105.59,92.36
P103855,Grocery,468,721,24.34,Festival,4.5,24.13,18.18
P103856,Electronics,753,191,664.66,Summer,3.7,638.97,636.36
P103857,Footwear,549,1222,122.67,Normal,3.9,121.48,97.51
P103858,Clothing,721,600,81.63,Normal,4.9,79.7,71.4
P103859,Footwear,97,399,143.52,Winter,3.1,153.0,112.82
P103860,Electronics,836,1050,834.37,Summer,4.5,863.27,687.89
P103861,Grocery,420,1432,21.42,Summer,4.3,20.34,16.84
P103862,Electronics,792,511,682.31,Winter,2.9,697.61,581.72
P103863,Footwear,299,1078,142.61,Normal,4.8,141.09,106.68
P103864,Clothing,604,1035,102.81,Festival,4.6,116.02,78.67
P103865,Home Decor,596,737,230.44,Summer,4.4,258.31,180.06
P103866,Clothing,157,1208,95.55,Winter,2.8,100.01,64.04
P103867,Grocery,484,196,29.13,Summer,2.8,33.23,27.41
P103868,Clothing,642,1316,72.31,Winter,4.2,70.96,57.22
P103869,Grocery,839,609,24.87,Winter,2.8,22.47,18.87
P103870,Grocery,889,71,31.6,Festival,2.8,28.21,28.83
P103871,Clothing,396,1484,98.61,Festival,3.5,108.97,72.41
P103872,Electronics,650,1161,746.14,Normal,2.5,733.86,532.45
P103873,Electronics,191,1225,835.05,Summer,4.3,928.8,588.21
P103874,Electronics,897,224,590.8,Normal,3.9,593.08,592.43
P103875,Home Decor,870,1127,186.18,Summer,2.7,164.4,139.7
P103876,Clothing,999,1048,101.14,Winter,3.9,103.44,84.67
P103877,Electronics,496,1354,767.26,Normal,2.6,798.36,551.4
P103878,Home Decor,372,560,210.85,Normal,2.7,211.25,164.17
P103879,Electronics,762,1391,727.59,Summer,3.7,804.91,582.03
P103880,Clothing,728,1063,117.72,Festival,3.7,124.07,90.19
P103881,Footwear,227,384,116.87,Normal,3.3,114.35,99.49
P103882,Home Decor,549,324,156.6,Normal,4.1,168.21,150.81
P103883,Footwear,650,1355,124.18,Festival,3.5,120.0,94.33
P103884,Grocery,465,969,25.94,Summer,4.0,28.7,20.01
P103885,Home Decor,383,181,247.69,Festival,3.4,236.7,214.61
P103886,Electronics,255,192,679.36,Summer,4.3,720.11,644.16
P103887,Home Decor,423,1242,200.77,Summer,3.9,199.18,148.71
P103888,Home Decor,260,258,206.87,Festival,2.9,187.69,165.52
P103889,Home Decor,314,332,202.93,Normal,4.2,213.08,170.67
P103890,Clothing,201,923,72.99,Summer,4.5,71.78,53.8
P103891,Electronics,388,1295,678.37,Normal,2.7,713.14,485.12
P103892,Footwear,638,508,107.95,Normal,4.0,110.74,97.17
P103893,Grocery,390,1000,25.54,Normal,4.5,22.76,18.67
P103894,Grocery,159,1057,26.64,Winter,2.8,24.91,18.54
P103895,Home Decor,805,902,206.06,Winter,4.8,220.3,168.42
P103896,Grocery,442,1029,26.76,Summer,3.5,26.92,18.66
P103897,Clothing,592,345,102.14,Summer,4.3,102.75,88.85
P103898,Clothing,532,934,102.36,Winter,4.7,90.15,72.81
P103899,Electronics,516,10,652.11,Winter,5.0,627.17,694.5
P103900,Electronics,449,1097,583.87,Summer,4.0,619.35,438.05
P103901,Electronics,760,1189,567.63,Summer,4.3,635.46,472.22
P103902,Footwear,857,1191,108.62,Normal,3.1,112.42,89.95
P103903,Footwear,905,49,109.86,Normal,3.2,112.71,121.08
P103904,Grocery,454,1367,31.86,Winter,4.6,32.08,22.72
P103905,Clothing,354,654,97.41,Normal,3.5,103.57,69.62
P103906,Footwear,101,125,113.6,Summer,4.6,124.45,106.11
P103907,Footwear,453,804,145.8,Winter,2.6,136.99,101.39
P103908,Home Decor,992,859,212.29,Normal,3.0,227.74,172.01
P103909,Grocery,275,606,26.03,Winter,2.9,24.62,18.46
P103910,Footwear,848,1124,147.68,Summer,3.8,131.22,113.35
P103911,Grocery,761,817,33.0,Winter,2.7,29.7,23.42
P103912,Grocery,666,329,36.47,Festival,3.4,32.55,30.25
P103913,Home Decor,573,932,241.93,Festival,5.0,231.2,174.65
P103914,Clothing,761,399,83.09,Winter,4.5,75.97,74.1
P103915,Clothing,116,182,77.81,Winter,4.4,70.27,71.58
P103916,Clothing,145,404,105.74,Winter,2.8,97.26,76.36
P103917,Grocery,211,1358,27.69,Festival,3.4,24.66,17.83
P103918,Grocery,770,860,25.97,Summer,4.2,25.26,20.46
P103919,Footwear,443,480,112.03,Normal,2.6,123.47,94.74
P103920,Clothing,223,552,82.67,Normal,3.6,85.11,65.98
P103921,Electronics,63,1290,597.68,Winter,4.8,536.44,429.63
P103922,Home Decor,499,1000,210.22,Normal,2.7,206.27,145.23
P103923,Clothing,410,1161,85.46,Summer,4.8,85.13,67.51
P103924,Home Decor,194,917,190.87,Winter,3.0,176.85,131.06
P103925,Electronics,42,1488,672.57,Winter,3.0,659.6,437.3
P103926,Grocery,758,987,28.34,Winter,3.0,27.51,21.2
P103927,Grocery,783,603,28.88,Normal,4.8,29.27,25.37
P103928,Footwear,261,382,144.97,Normal,4.0,154.87,124.84
P103929,Electronics,503,74,814.3,Winter,4.4,821.86,767.86
P103930,Home Decor,268,1152,193.01,Winter,3.4,173.7,131.53
P103931,Grocery,420,1399,34.77,Festival,4.7,31.12,24.41
P103932,Grocery,127,997,27.75,Winter,4.0,31.08,19.69
P103933,Grocery,947,733,28.18,Summer,4.0,30.09,23.31
P103934,Electronics,726,200,721.54,Normal,4.4,762.98,744.4
P103935,Grocery,903,967,24.8,Normal,4.4,27.93,21.99
P103936,Clothing,309,304,82.32,Normal,4.2,84.48,77.39
P103937,Clothing,875,935,92.11,Summer,2.8,82.89,67.12
P103938,Grocery,527,454,24.52,Summer,4.7,26.31,22.51
P103939,Grocery,214,1299,30.24,Winter,3.2,27.94,20.14
P103940,Electronics,345,1404,631.97,Normal,5.0,669.81,510.28
P103941,Electronics,815,355,717.54,Summer,3.5,709.07,680.47
P103942,Electronics,779,492,790.13,Summer,2.8,701.34,634.13
P103943,Electronics,725,1383,555.67,Summer,3.3,497.32,412.44
P103944,Grocery,241,34,23.08,Normal,3.9,22.76,21.72
P103945,Electronics,654,777,689.85,Normal,3.5,717.8,537.44
P103946,Home Decor,942,216,155.81,Normal,4.6,144.3,168.95
P103947,Electronics,67,652,608.18,Summer,4.2,552.73,413.63
P103948,Electronics,334,53,742.37,Normal,3.0,728.7,653.84
P103949,Home Decor,98,215,158.57,Winter,3.8,173.98,148.05
P103950,Clothing,121,607,89.18,Summer,4.5,97.36,66.32
P103951,Clothing,997,94,70.78,Winter,4.7,75.36,79.86
P103952,Home Decor,255,1196,184.76,Festival,3.5,183.8,136.05
P103953,Home Decor,195,869,188.48,Winter,4.8,188.35,136.63
P103954,Footwear,92,678,148.18,Normal,2.6,139.44,95.58
P103955,Electronics,981,711,726.7,Winter,4.2,666.4,615.54
P103956,Grocery,479,1259,25.29,Winter,4.5,22.36,18.07
P103957,Home Decor,795,1268,179.44,Normal,3.6,199.58,142.87
P103958,Home Decor,265,76,226.12,Festival,2.5,229.27,203.53
P103959,Electronics,648,1029,727.31,Summer,4.2,640.63,544.86
P103960,Clothing,888,707,88.28,Festival,3.4,90.3,73.16
P103961,Clothing,677,1175,76.73,Winter,2.9,72.87,57.16
P103962,Electronics,526,1181,711.73,Winter,2.9,708.44,514.55
P103963,Footwear,226,1063,131.67,Normal,4.4,139.78,94.65
P103964,Clothing,248,1013,110.55,Festival,3.0,121.46,76.74
P103965,Clothing,604,321,91.15,Winter,3.7,97.45,85.46
P103966,Electronics,462,1279,748.33,Summer,4.9,839.63,597.88
P103967,Grocery,65,1052,30.33,Festival,4.4,28.61,21.0
P103968,Electronics,212,414,732.88,Winter,3.9,775.81,614.19
P103969,Clothing,443,352,87.46,Normal,3.8,97.98,76.99
P103970,Electronics,195,753,706.88,Festival,2.9,680.94,471.88
P103971,Home Decor,562,517,219.9,Normal,3.6,240.97,182.87
P103972,Electronics,314,1016,667.29,Winter,2.9,756.62,503.25
P103973,Grocery,305,612,27.0,Normal,2.7,28.45,20.46
P103974,Electronics,126,256,710.48,Summer,2.8,656.73,564.51
P103975,Electronics,513,595,817.8,Winter,4.0,777.26,649.31
P103976,Electronics,204,1224,581.69,Summer,3.0,618.69,390.19
P103977,Electronics,637,1246,803.55,Summer,2.9,895.04,598.99
P103978,Electronics,939,470,571.3,Normal,4.7,506.4,530.14
P103979,Grocery,913,1194,22.05,Normal,2.8,21.35,17.86
P103980,Grocery,673,144,35.13,Festival,4.3,33.13,33.38
P103981,Electronics,811,1476,713.73,Festival,3.5,709.42,558.27
P103982,Clothing,922,1149,102.24,Festival,3.9,111.19,80.89
P103983,Grocery,688,66,30.07,Festival,2.6,30.54,29.07
P103984,Clothing,271,1059,97.74,Normal,2.5,99.69,66.01
P103985,Clothing,510,743,109.15,Festival,4.5,114.0,79.42
P103986,Electronics,859,1326,626.63,Normal,3.7,638.68,509.16
P103987,Clothing,674,363,99.2,Winter,2.7,105.73,87.36
P103988,Grocery,375,1338,22.93,Normal,3.4,20.84,17.49
P103989,Home Decor,185,1306,201.1,Summer,3.8,178.21,129.68
P103990,Home Decor,161,421,218.12,Winter,2.8,240.64,174.69
P103991,Home Decor,389,651,202.02,Normal,3.9,203.9,149.41
P103992,Clothing,808,963,90.84,Summer,3.8,87.26,67.99
P103993,Electronics,561,364,787.93,Summer,4.0,790.02,671.52
P103994,Clothing,78,1498,89.82,Winter,4.5,94.8,65.0
P103995,Clothing,920,290,103.39,Winter,3.5,94.38,94.38
P103996,Electronics,416,369,573.47,Normal,4.7,585.73,526.26
P103997,Electronics,402,753,632.42,Normal,3.7,575.43,463.71
P103998,Clothing,822,711,98.09,Winter,3.6,109.08,80.41
P103999,Clothing,389,80,76.2,Normal,4.1,78.62,75.73
P104000,Electronics,624,1365,775.03,Festival,4.0,851.7,603.97
P104001,Footwear,922,364,138.28,Normal,2.5,148.61,124.27
P104002,Clothing,527,159,89.17,Winter,5.0,98.1,94.13
P104003,Home Decor,621,781,191.3,Festival,4.9,186.0,157.36
P104004,Clothing,366,1392,73.76,Summer,3.2,67.69,55.77
P104005,Grocery,892,8,24.45,Summer,3.9,27.4,27.53
P104006,Electronics,93,734,617.69,Normal,4.4,691.11,453.03
P104007,Grocery,290,1366,22.63,Summer,4.8,25.31,17.74
P104008,Electronics,991,1340,904.22,Festival,4.0,1037.23,774.8
P104009,Electronics,494,260,611.99,Normal,2.5,637.06,552.27
P104010,Grocery,191,933,30.0,Summer,4.2,30.55,20.77
P104011,Clothing,425,1254,105.03,Winter,2.7,115.04,75.36
P104012,Electronics,270,1008,625.78,Normal,4.2,569.3,435.87
P104013,Home Decor,534,987,222.7,Normal,4.0,243.06,164.41
P104014,Electronics,251,1160,621.63,Winter,4.1,683.36,473.39
P104015,Grocery,411,682,27.46,Normal,3.0,28.44,20.07
P104016,Grocery,909,105,31.16,Normal,3.7,30.68,31.41
P104017,Clothing,100,961,110.22,Festival,4.0,116.52,69.7
P104018,Clothing,768,943,77.91,Winter,3.3,87.81,62.29
P104019,Electronics,96,1277,604.92,Normal,3.0,558.13,403.72
P104020,Footwear,468,1386,111.94,Normal,3.1,107.91,77.76
P104021,Clothing,674,509,103.92,Winter,4.6,110.29,87.86
P104022,Electronics,956,1434,601.59,Normal,3.7,664.74,521.3
P104023,Clothing,265,19,83.13,Normal,4.2,87.79,83.04
P104024,Home Decor,71,1452,206.12,Festival,3.8,214.27,137.46
P104025,Footwear,755,210,117.04,Normal,4.6,105.71,114.65
P104026,Home Decor,895,970,211.45,Festival,3.8,210.84,167.04
P104027,Grocery,573,1026,24.21,Normal,2.7,27.12,17.77
P104028,Footwear,79,951,129.36,Normal,3.0,126.46,89.05
P104029,Grocery,510,1486,25.83,Summer,2.5,25.38,18.4
P104030,Home Decor,403,830,187.19,Summer,4.6,182.8,140.06
P104031,Grocery,462,201,27.5,Winter,4.2,26.89,25.69
P104032,Clothing,72,913,77.85,Normal,4.4,77.02,52.03
P104033,Grocery,331,439,30.33,Winter,4.3,33.02,26.25
P104034,Grocery,998,920,25.91,Normal,4.6,25.99,22.73
P104035,Electronics,64,574,715.84,Winter,5.0,747.28,557.52
P104036,Clothing,916,68,77.19,Winter,4.1,77.15,84.89
P104037,Clothing,527,958,66.66,Normal,3.1,74.39,52.65
P104038,Home Decor,593,137,248.08,Festival,2.8,230.28,221.77
P104039,Clothing,934,495,100.73,Winter,4.0,91.99,85.17
P104040,Footwear,233,931,114.17,Summer,4.4,113.04,84.0
P104041,Clothing,984,1322,80.32,Summer,3.9,91.82,70.26
P104042,Footwear,291,474,120.38,Summer,3.3,128.68,98.53
P104043,Electronics,362,451,767.69,Winter,4.3,803.31,661.7
P104044,Home Decor,460,455,191.27,Festival,3.6,188.47,168.86
P104045,Grocery,609,864,32.88,Winter,3.2,31.56,23.45
P104046,Clothing,336,294,69.76,Summer,4.6,79.41,68.78
P104047,Clothing,797,793,105.04,Winter,3.9,104.55,79.26
P104048,Clothing,40,1202,72.04,Winter,3.2,77.23,52.76
P104049,Clothing,673,125,76.52,Normal,3.3,84.08,77.45
P104050,Footwear,663,1446,118.02,Winter,3.9,124.81,104.21
P104051,Home Decor,543,800,172.73,Summer,3.6,162.85,122.04
P104052,Footwear,621,943,176.68,Festival,2.9,169.21,129.73
P104053,Grocery,752,927,25.43,Normal,4.0,22.53,20.15
P104054,Clothing,906,1418,69.71,Normal,4.2,79.59,60.0
P104055,Footwear,234,998,149.09,Normal,2.5,164.79,109.19
P104056,Home Decor,487,1326,166.38,Normal,3.8,164.57,122.98
P104057,Clothing,570,432,80.35,Festival,3.9,90.07,72.95
P104058,Home Decor,357,330,149.47,Normal,3.3,137.74,123.78
P104059,Clothing,974,967,83.98,Summer,3.3,74.86,65.07
P104060,Footwear,521,234,145.79,Normal,3.3,133.62,125.81
P104061,Home Decor,600,171,148.91,Normal,3.6,166.56,158.66
P104062,Footwear,210,321,135.82,Normal,4.5,125.41,120.0
P104063,Electronics,427,410,642.14,Winter,3.7,576.89,523.98
P104064,Grocery,633,148,22.85,Normal,5.0,21.26,21.59
P104065,Electronics,439,1094,751.6,Summer,3.4,745.64,550.41
P104066,Footwear,774,876,161.65,Festival,4.2,163.92,123.91
P104067,Clothing,153,304,89.92,Winter,3.9,84.86,76.92
P104068,Footwear,170,427,128.43,Festival,4.4,140.95,108.28
P104069,Home Decor,352,1395,148.09,Normal,4.7,168.7,118.56
P104070,Electronics,332,1369,783.41,Winter,3.8,750.92,531.64
P104071,Clothing,819,189,88.81,Summer,3.7,100.48,92.78
P104072,Grocery,870,922,26.54,Winter,4.9,29.22,22.79
P104073,Clothing,482,488,72.95,Normal,4.8,81.64,70.25
P104074,Electronics,515,542,745.96,Normal,5.0,668.47,604.06
P104075,Electronics,308,901,552.82,Normal,2.9,610.97,439.62
P104076,Clothing,541,1477,90.34,Summer,2.5,93.79,62.66
P104077,Grocery,712,876,27.9,Normal,3.6,24.84,19.58
P104078,Grocery,727,1430,22.9,Normal,4.3,24.81,19.8
P104079,Electronics,969,1231,688.13,Summer,2.7,650.47,525.47
P104080,Clothing,586,1169,88.5,Winter,3.4,96.93,67.77
P104081,Clothing,353,1186,91.1,Winter,4.0,95.56,65.09
P104082,Clothing,88,1188,102.4,Winter,3.0,103.72,64.64
P104083,Footwear,694,386,130.39,Summer,4.3,115.57,116.81
P104084,Clothing,807,1466,69.95,Summer,3.1,78.36,58.53
P104085,Grocery,561,1377,24.93,Summer,4.6,22.94,18.47
P104086,Home Decor,924,902,202.12,Summer,3.4,223.14,169.99
P104087,Grocery,330,1068,25.53,Winter,4.0,27.21,19.9
P104088,Grocery,72,1320,28.76,Normal,3.9,25.84,18.77
P104089,Electronics,640,233,691.57,Festival,3.2,709.83,663.94
P104090,Electronics,138,101,607.35,Winter,3.6,692.18,562.88
P104091,Electronics,102,1493,597.57,Normal,4.6,674.76,463.34
P104092,Footwear,707,833,169.46,Festival,3.9,155.81,123.97
P104093,Home Decor,445,1084,206.31,Summer,2.6,191.2,137.56
P104094,Electronics,612,756,698.7,Summer,4.3,643.84,562.52
P104095,Electronics,752,778,635.45,Summer,3.0,688.94,511.73
P104096,Clothing,394,61,114.7,Festival,3.7,105.91,100.65
P104097,Grocery,618,437,31.86,Winter,3.7,28.59,26.0
P104098,Grocery,548,134,26.28,Winter,3.7,25.9,24.63
P104099,Footwear,588,651,161.94,Festival,2.6,184.79,121.67
P104100,Home Decor,709,37,218.31,Normal,3.2,210.28,210.45
P104101,Clothing,392,1204,80.96,Winter,2.6,87.08,58.13
P104102,Grocery,514,444,28.36,Festival,3.5,26.06,22.54
P104103,Grocery,599,1113,31.11,Festival,4.1,32.6,24.61
P104104,Clothing,157,84,79.65,Normal,4.1,82.59,73.07
P104105,Home Decor,227,54,206.54,Normal,2.7,232.18,185.74
P104106,Electronics,107,637,683.07,Normal,2.8,733.26,472.2
P104107,Footwear,214,1183,112.61,Summer,4.2,102.77,76.27
P104108,Footwear,450,1220,123.8,Winter,3.8,122.47,95.12
P104109,Home Decor,938,819,199.55,Normal,4.6,175.64,160.33
P104110,Grocery,924,922,22.34,Winter,3.0,21.11,18.34
P104111,Clothing,767,1034,77.37,Normal,2.8,88.38,64.91
P104112,Footwear,566,1012,105.18,Winter,3.4,105.51,80.75
P104113,Footwear,218,1113,166.09,Festival,4.1,185.07,123.1
P104114,Grocery,371,52,23.07,Winter,3.7,20.45,21.32
P104115,Footwear,770,646,108.53,Winter,2.7,121.29,89.1
P104116,Clothing,910,1260,92.66,Normal,2.7,103.79,75.02
P104117,Grocery,963,662,22.11,Summer,4.2,23.35,20.2
P104118,Home Decor,400,223,236.66,Festival,3.2,215.69,197.52
P104119,Clothing,496,999,92.83,Festival,4.2,103.64,74.35
P104120,Grocery,518,457,29.33,Normal,3.2,32.94,25.13
P104121,Home Decor,75,769,190.87,Festival,3.3,178.32,127.24
P104122,Footwear,134,777,102.76,Normal,3.0,116.51,79.57
P104123,Home Decor,64,1046,165.28,Normal,5.0,184.76,126.97
P104124,Clothing,742,1395,103.53,Winter,2.5,96.83,74.6
P104125,Home Decor,239,1041,211.77,Normal,2.8,208.88,135.82
P104126,Electronics,706,1497,612.88,Normal,4.6,595.04,557.96
P104127,Grocery,387,33,24.08,Winter,2.8,24.43,21.98
P104128,Grocery,798,1175,26.18,Festival,3.2,29.32,20.92
P104129,Footwear,133,628,116.4,Winter,3.2,129.91,86.48
P104130,Home Decor,338,1095,192.9,Festival,4.2,178.9,147.64
P104131,Footwear,220,132,148.56,Summer,3.5,152.84,128.94
P104132,Grocery,447,793,20.71,Normal,4.6,21.22,16.97
P104133,Clothing,570,49,101.63,Winter,4.4,101.79,99.49
P104134,Grocery,184,1000,24.72,Festival,3.8,26.52,17.37
P104135,Grocery,673,328,30.27,Summer,3.1,31.92,27.51
P104136,Electronics,965,220,652.0,Normal,4.5,622.19,660.8
P104137,Grocery,62,123,25.17,Festival,4.7,24.52,22.85
P104138,Home Decor,104,407,247.14,Festival,4.6,276.77,205.42
P104139,Footwear,953,1439,118.33,Winter,2.6,114.54,98.68
P104140,Footwear,656,1477,148.02,Summer,4.2,148.0,109.5
P104141,Clothing,921,125,96.97,Winter,4.3,110.8,105.03
P104142,Grocery,711,1469,31.05,Normal,4.9,34.52,25.46
P104143,Electronics,722,883,788.47,Summer,3.2,842.66,606.1
P104144,Clothing,174,487,73.89,Normal,4.5,71.09,65.14
P104145,Grocery,521,1413,25.65,Summer,4.2,26.92,19.93
P104146,Clothing,378,365,89.56,Normal,4.7,94.34,74.84
P104147,Electronics,836,276,639.98,Summer,4.2,634.3,631.99
P104148,Footwear,62,348,134.2,Winter,4.6,119.4,105.7
P104149,Clothing,37,222,78.2,Winter,3.4,76.56,64.8
P104150,Clothing,565,729,91.06,Summer,2.9,92.62,65.83
P104151,Clothing,971,215,82.01,Winter,3.4,93.21,83.86
P104152,Grocery,995,339,22.36,Winter,4.5,24.07,24.97
P104153,Clothing,601,560,116.69,Festival,2.8,106.09,86.83
P104154,Grocery,441,974,29.57,Normal,4.1,28.43,21.34
P104155,Grocery,287,1287,25.19,Winter,5.0,25.72,20.48
P104156,Electronics,990,116,569.23,Normal,4.7,570.26,628.34
P104157,Home Decor,199,947,216.78,Winter,4.2,191.06,148.16
P104158,Electronics,143,159,612.52,Summer,4.5,693.66,568.45
P104159,Clothing,518,1486,89.02,Summer,2.8,100.07,68.43
P104160,Electronics,404,419,795.8,Winter,3.7,898.78,665.22
P104161,Grocery,505,1285,24.83,Winter,3.8,24.73,19.13
P104162,Clothing,903,1167,75.39,Normal,4.5,83.31,70.1
P104163,Home Decor,284,489,152.37,Normal,3.2,163.23,128.03
P104164,Clothing,879,488,90.39,Festival,2.8,92.03,73.89
P104165,Grocery,227,479,31.77,Festival,4.2,28.62,24.02
P104166,Clothing,337,708,75.22,Winter,3.7,69.6,56.16
P104167,Electronics,24,665,943.28,Festival,4.6,890.76,652.84
P104168,Clothing,685,986,93.16,Summer,3.7,104.52,77.08
P104169,Grocery,861,699,23.37,Summer,4.6,24.77,21.57
P104170,Clothing,888,1183,88.88,Winter,3.8,101.81,74.61
P104171,Home Decor,184,702,183.23,Summer,4.5,189.27,134.21
P104172,Footwear,771,464,118.13,Normal,4.3,106.66,101.6
P104173,Home Decor,158,493,196.67,Summer,3.2,198.44,147.22
P104174,Clothing,635,1097,71.4,Summer,3.3,64.99,55.08
P104175,Footwear,708,215,109.51,Normal,4.7,123.02,112.82
P104176,Grocery,169,432,22.11,Normal,3.1,21.12,16.99
P104177,Grocery,128,470,26.4,Festival,4.2,24.64,20.78
P104178,Home Decor,91,968,234.01,Festival,2.9,238.26,149.28
P104179,Grocery,714,197,31.21,Normal,4.4,34.26,31.52
P104180,Home Decor,622,679,203.94,Summer,3.1,207.56,153.3
P104181,Footwear,136,1013,158.16,Winter,4.0,140.82,103.74
P104182,Electronics,510,1390,715.1,Summer,3.9,772.74,538.38
P104183,Footwear,799,659,119.8,Winter,3.0,106.53,88.0
P104184,Grocery,253,1473,29.88,Normal,3.7,31.17,21.73
P104185,Home Decor,613,913,152.8,Normal,4.7,159.92,124.83
P104186,Footwear,306,1162,103.69,Normal,4.2,97.08,76.34
P104187,Electronics,275,368,797.86,Normal,5.0,798.32,669.02
P104188,Electronics,404,1373,843.38,Festival,4.5,743.58,598.62
P104189,Electronics,365,392,792.64,Normal,4.1,758.24,657.68
P104190,Grocery,505,209,25.88,Festival,3.9,27.1,25.02
P104191,Electronics,221,123,792.59,Winter,4.8,758.29,706.07
P104192,Footwear,402,983,117.15,Winter,3.8,104.6,84.1
P104193,Grocery,629,944,28.55,Festival,3.5,30.32,22.19
P104194,Home Decor,399,301,230.21,Winter,4.6,248.73,215.19
P104195,Clothing,663,1318,94.1,Festival,4.9,104.74,77.94
P104196,Grocery,133,419,28.54,Summer,3.7,31.86,22.68
P104197,Electronics,154,916,921.57,Festival,2.8,934.48,601.64
P104198,Home Decor,868,786,227.91,Winter,4.0,225.62,178.28
P104199,Electronics,472,890,567.62,Winter,4.4,589.29,421.26
P104200,Electronics,616,1114,681.12,Festival,3.4,745.16,503.25
P104201,Electronics,744,1391,813.45,Summer,4.4,820.23,636.93
P104202,Footwear,163,1083,127.42,Normal,3.8,146.37,93.72
P104203,Electronics,972,1361,707.25,Winter,3.3,744.12,573.47
P104204,Grocery,435,1304,22.47,Winter,4.1,21.65,17.67
P104205,Footwear,891,541,102.68,Summer,3.5,112.37,93.61
P104206,Footwear,428,841,147.6,Normal,4.5,135.89,101.92
P104207,Electronics,417,301,785.22,Festival,2.5,889.39,666.44
P104208,Electronics,608,1389,797.97,Winter,4.5,775.54,595.73
P104209,Clothing,207,1450,77.56,Winter,3.3,82.6,55.77
P104210,Electronics,616,1332,599.26,Normal,4.9,628.53,484.81
P104211,Footwear,983,1115,127.31,Normal,4.4,115.33,97.01
P104212,Clothing,652,1274,101.48,Winter,3.1,109.07,71.21
P104213,Clothing,88,1192,77.79,Summer,4.9,75.01,56.01
P104214,Electronics,703,348,643.65,Summer,3.7,632.65,575.48
P104215,Grocery,52,399,27.21,Summer,3.8,24.66,19.44
P104216,Electronics,121,799,544.18,Normal,4.8,597.9,431.56
P104217,Footwear,298,633,117.94,Normal,4.8,131.19,101.85
P104218,Electronics,318,1105,688.48,Normal,4.2,630.82,488.58
P104219,Home Decor,23,1105,147.97,Normal,4.9,162.68,114.18
P104220,Footwear,37,1464,135.26,Summer,3.3,151.82,94.19
P104221,Electronics,793,1183,547.24,Normal,3.1,495.95,391.64
P104222,Electronics,465,22,778.28,Winter,2.6,894.48,773.12
P104223,Clothing,215,514,98.77,Winter,3.4,87.04,73.65
P104224,Electronics,440,494,767.44,Normal,4.0,849.9,680.1
P104225,Electronics,699,952,742.85,Summer,3.3,765.68,561.21
P104226,Home Decor,739,516,191.07,Normal,3.9,217.52,169.14
P104227,Grocery,302,1467,23.81,Normal,2.6,23.12,17.44
P104228,Electronics,183,436,651.68,Normal,3.4,636.97,523.71
P104229,Grocery,960,659,21.44,Normal,4.4,23.73,20.64
P104230,Clothing,638,1227,95.32,Winter,2.8,102.17,70.05
P104231,Home Decor,983,553,154.0,Summer,4.3,160.49,149.15
P104232,Electronics,320,72,648.56,Normal,4.4,683.57,624.11
P104233,Footwear,129,501,146.93,Festival,3.9,156.38,113.61
P104234,Footwear,394,542,131.94,Normal,4.7,117.82,103.4
P104235,Electronics,341,920,647.79,Summer,4.9,590.66,517.03
P104236,Electronics,724,1068,696.16,Winter,2.6,646.69,518.18
P104237,Clothing,721,825,90.95,Winter,4.2,84.38,65.3
P104238,Home Decor,90,613,219.05,Normal,3.1,242.62,158.46
P104239,Grocery,595,756,27.72,Normal,3.5,27.35,20.95
P104240,Grocery,355,220,23.24,Normal,4.1,23.52,21.43
P104241,Footwear,622,275,150.65,Winter,4.3,136.2,130.82
P104242,Footwear,403,918,119.46,Festival,4.6,133.21,96.87
P104243,Grocery,546,1298,24.13,Summer,4.3,21.3,17.55
P104244,Grocery,721,786,22.96,Winter,4.4,20.72,18.59
P104245,Footwear,307,95,128.76,Winter,4.0,141.54,121.45
P104246,Clothing,215,1472,103.26,Festival,2.8,94.51,65.23
P104247,Home Decor,711,489,200.02,Winter,2.6,218.86,175.66
P104248,Electronics,948,1124,805.33,Winter,3.8,784.89,644.15
P104249,Electronics,455,1347,816.1,Festival,4.3,889.18,620.2
P104250,Footwear,997,1479,110.41,Normal,2.8,98.66,86.89
P104251,Clothing,201,179,89.1,Winter,3.6,86.61,77.03
P104252,Electronics,822,283,782.88,Winter,3.1,790.67,711.05
P104253,Electronics,988,969,673.58,Normal,3.9,706.54,543.42
P104254,Grocery,313,1143,25.25,Normal,3.5,27.92,19.21
P104255,Home Decor,164,1253,188.55,Normal,3.0,178.37,133.05
P104256,Electronics,670,829,706.77,Summer,2.5,747.69,541.5
P104257,Electronics,872,242,731.36,Festival,3.3,673.57,687.83
P104258,Grocery,101,1070,29.68,Normal,3.8,32.49,20.02
P104259,Home Decor,647,1004,173.5,Winter,4.8,196.39,151.22
P104260,Clothing,873,703,70.73,Winter,3.1,63.15,57.61
P104261,Home Decor,51,958,204.99,Normal,3.8,184.81,136.99
P104262,Home Decor,525,322,219.18,Summer,3.9,239.48,203.9
P104263,Clothing,95,1217,87.71,Normal,4.1,98.03,66.39
P104264,Footwear,192,73,122.6,Normal,3.3,129.34,109.78
P104265,Footwear,496,1259,153.18,Summer,2.7,153.87,103.53
P104266,Grocery,340,1258,24.49,Normal,4.8,26.63,19.3
P104267,Clothing,103,1032,84.34,Winter,4.9,81.04,57.86
P104268,Footwear,804,1223,128.9,Normal,3.6,147.95,103.52
P104269,Footwear,218,1369,120.61,Normal,4.0,133.75,93.65
P104270,Footwear,872,247,127.05,Normal,2.6,142.24,122.01
P104271,Home Decor,193,819,229.08,Summer,2.6,254.47,156.0
P104272,Grocery,529,969,23.05,Normal,2.7,26.09,16.9
P104273,Footwear,732,1414,106.07,Normal,4.3,95.18,84.8
P104274,Home Decor,490,1107,212.85,Festival,3.1,239.53,164.74
P104275,Electronics,428,893,795.16,Festival,3.0,753.12,567.85
P104276,Electronics,755,838,754.31,Summer,2.5,736.94,571.98
P104277,Clothing,31,219,98.46,Normal,2.6,96.49,76.7
P104278,Home Decor,829,479,206.93,Summer,3.5,195.08,182.39
P104279,Clothing,696,652,105.53,Winter,3.9,105.36,84.06
P104280,Footwear,769,1322,111.11,Normal,3.9,112.94,89.51
P104281,Electronics,432,1293,591.38,Normal,3.6,544.16,441.15
P104282,Clothing,396,965,76.14,Normal,3.6,74.4,57.96
P104283,Grocery,580,163,30.7,Winter,4.4,29.9,28.31
P104284,Electronics,649,1081,602.68,Summer,3.2,640.15,459.61
P104285,Home Decor,926,691,192.09,Festival,3.1,199.16,157.73
P104286,Electronics,860,979,667.52,Summer,4.6,716.48,548.76
P104287,Home Decor,72,652,172.18,Normal,4.2,187.96,125.65
P104288,Electronics,168,1083,842.15,Festival,3.7,892.76,574.71
P104289,Home Decor,947,330,229.49,Winter,3.2,216.9,211.98
P104290,Grocery,400,221,22.65,Summer,2.8,23.0,21.15
P104291,Electronics,588,333,726.97,Winter,2.6,731.31,631.31
P104292,Electronics,75,1384,557.71,Normal,4.6,501.93,398.72
P104293,Electronics,122,117,594.91,Normal,4.0,667.19,602.83
P104294,Grocery,420,432,24.54,Summer,2.6,22.2,19.1
P104295,Footwear,722,516,132.13,Summer,2.9,151.11,116.2
P104296,Clothing,776,1255,89.77,Winter,3.2,79.77,65.08
P104297,Clothing,896,542,90.35,Summer,3.2,97.31,76.92
P104298,Grocery,213,1340,29.3,Normal,3.9,28.06,20.89
P104299,Grocery,217,1482,26.57,Festival,3.5,29.87,19.2
P104300,Footwear,551,978,140.86,Summer,4.7,155.3,114.2
P104301,Grocery,555,517,27.67,Normal,4.3,24.54,22.32
P104302,Footwear,55,899,108.66,Winter,4.8,96.27,79.81
P104303,Home Decor,458,1005,184.74,Winter,4.7,192.65,140.1
P104304,Clothing,899,168,78.53,Festival,4.8,72.28,84.04
P104305,Electronics,180,1250,574.95,Summer,5.0,508.16,432.54
P104306,Electronics,823,657,649.06,Winter,3.3,740.77,532.6
P104307,Grocery,458,1269,23.11,Normal,3.0,24.29,17.11
P104308,Clothing,533,919,96.57,Normal,2.9,85.26,68.37
P104309,Home Decor,648,1291,229.79,Winter,4.1,232.64,182.24
P104310,Grocery,711,127,31.52,Festival,4.2,29.08,30.63
P104311,Grocery,644,68,29.25,Summer,2.7,32.1,28.54
P104312,Footwear,121,171,176.98,Festival,4.6,157.11,141.88
P104313,Clothing,309,1312,84.49,Winter,4.5,82.82,63.19
P104314,Footwear,848,1490,147.92,Festival,4.1,139.68,113.46
P104315,Electronics,59,1498,736.45,Summer,3.6,843.11,513.36
P104316,Grocery,720,501,30.4,Normal,2.9,27.39,24.04
P104317,Home Decor,530,400,209.29,Normal,3.8,224.85,188.37
P104318,Footwear,137,527,107.83,Winter,2.9,108.81,88.01
P104319,Home Decor,140,1226,202.78,Normal,4.0,223.15,150.23
P104320,Clothing,981,381,76.49,Summer,3.3,71.74,71.77
P104321,Footwear,50,823,111.55,Normal,3.1,123.93,76.23
P104322,Grocery,42,970,27.97,Winter,3.6,31.79,20.06
P104323,Grocery,36,545,28.82,Summer,4.0,27.02,21.83
P104324,Electronics,635,712,577.5,Normal,3.4,546.05,468.9
P104325,Electronics,927,999,658.16,Winter,4.9,750.43,590.94
P104326,Grocery,188,1186,33.27,Festival,2.5,33.18,21.24
P104327,Electronics,799,288,679.07,Festival,4.8,750.72,704.96
P104328,Footwear,724,771,146.51,Summer,2.5,162.26,114.69
P104329,Home Decor,245,235,188.38,Summer,3.0,181.59,159.65
P104330,Home Decor,88,28,227.69,Festival,5.0,211.36,203.85
P104331,Electronics,498,969,655.46,Festival,4.3,641.67,489.62
P104332,Home Decor,99,726,228.12,Summer,4.1,237.21,170.07
P104333,Electronics,131,392,833.85,Winter,4.3,845.71,651.66
P104334,Grocery,476,87,26.6,Festival,3.5,28.7,25.5
P104335,Home Decor,819,1419,234.73,Festival,4.5,241.34,188.29
P104336,Electronics,994,1241,754.68,Normal,2.9,828.25,610.57
P104337,Electronics,635,1403,601.12,Winter,4.5,545.85,487.88
P104338,Electronics,290,174,819.39,Festival,4.8,818.21,761.12
P104339,Grocery,341,26,34.98,Festival,4.6,30.93,30.94
P104340,Footwear,620,329,132.02,Winter,4.3,120.48,115.76
P104341,Electronics,189,155,814.93,Summer,4.1,790.08,691.12
P104342,Electronics,528,692,562.75,Summer,3.8,632.2,483.42
P104343,Grocery,773,969,30.38,Normal,3.5,29.85,23.39
P104344,Clothing,845,296,102.19,Summer,4.7,97.48,96.24
P104345,Footwear,77,598,125.61,Festival,4.1,133.28,95.84
P104346,Home Decor,302,811,213.53,Festival,3.6,228.46,148.58
P104347,Footwear,269,479,138.26,Winter,4.5,139.63,110.13
P104348,Home Decor,563,693,216.74,Normal,2.6,207.61,150.28
P104349,Grocery,201,887,22.21,Normal,4.5,21.36,16.46
P104350,Home Decor,951,1429,178.66,Summer,4.5,166.17,148.44
P104351,Electronics,918,468,756.02,Normal,3.1,739.31,643.42
P104352,Electronics,345,137,764.16,Festival,2.6,707.18,655.49
P104353,Grocery,418,1303,28.62,Winter,4.3,30.16,22.27
P104354,Electronics,450,867,689.52,Normal,3.0,773.34,501.87
P104355,Home Decor,61,710,222.92,Normal,5.0,211.48,153.39
P104356,Footwear,891,1081,112.05,Winter,2.5,105.93,88.47
P104357,Home Decor,783,1471,221.01,Normal,3.1,248.08,174.08
P104358,Clothing,345,195,100.31,Festival,2.6,103.66,83.06
P104359,Grocery,556,1291,35.66,Festival,4.5,38.41,26.94
P104360,Footwear,393,956,107.62,Summer,3.9,120.54,83.6
P104361,Clothing,243,880,92.93,Winter,4.6,98.46,67.99
P104362,Grocery,318,1297,31.3,Winter,4.9,33.82,23.44
P104363,Grocery,124,459,34.17,Festival,4.0,33.64,26.75
P104364,Home Decor,813,1182,175.08,Festival,3.1,198.41,143.57
P104365,Footwear,661,857,121.73,Normal,2.7,130.26,88.39
P104366,Electronics,931,1403,599.15,Winter,4.7,538.85,500.45
P104367,Grocery,26,704,22.14,Normal,3.1,23.04,16.78
P104368,Grocery,638,1082,28.09,Normal,4.7,25.44,21.28
P104369,Electronics,569,748,800.36,Normal,4.7,817.15,610.62
P104370,Clothing,631,594,87.41,Normal,4.1,79.01,69.32
P104371,Clothing,989,566,69.12,Normal,4.0,72.53,66.64
P104372,Electronics,402,1381,619.23,Summer,4.9,621.23,477.4
P104373,Grocery,158,1257,24.57,Normal,4.4,25.29,16.99
P104374,Electronics,32,341,568.04,Normal,4.2,599.4,477.53
P104375,Grocery,502,1299,34.95,Festival,3.6,33.12,24.45
P104376,Electronics,190,877,604.99,Summer,3.7,584.58,438.12
P104377,Footwear,158,160,105.08,Normal,3.5,106.15,93.62
P104378,Electronics,164,1149,757.9,Summer,4.9,782.84,543.37
P104379,Home Decor,291,247,166.86,Winter,4.1,188.45,158.72
P104380,Electronics,133,1309,667.11,Summer,4.5,650.45,460.91
P104381,Grocery,496,684,27.6,Winter,2.6,28.7,20.49
P104382,Clothing,660,1375,72.46,Winter,4.6,81.82,62.83
P104383,Clothing,303,727,99.97,Festival,3.5,107.35,69.6
P104384,Grocery,153,132,25.66,Normal,4.3,24.86,23.3
P104385,Home Decor,580,1151,211.3,Winter,2.6,209.6,146.45
P104386,Home Decor,103,1090,194.18,Festival,4.7,216.96,138.62
P104387,Clothing,742,457,77.87,Normal,4.1,77.73,69.63
P104388,Electronics,394,310,717.37,Normal,3.6,680.11,632.16
P104389,Footwear,421,1296,103.24,Summer,3.3,105.44,73.29
P104390,Grocery,264,1169,22.4,Summer,3.3,20.83,15.56
P104391,Electronics,297,450,722.46,Festival,3.3,749.3,581.43
P104392,Footwear,162,1052,103.89,Normal,2.8,119.23,79.91
P104393,Grocery,566,364,24.69,Festival,3.7,28.19,24.47
P104394,Grocery,163,276,32.05,Summer,3.6,33.51,26.31
P104395,Clothing,686,997,81.28,Normal,3.5,90.97,66.69
P104396,Clothing,271,1250,83.96,Normal,4.3,92.36,63.16
P104397,Electronics,574,1378,713.01,Festival,3.5,810.46,557.62
P104398,Footwear,546,695,98.8,Normal,2.7,110.23,81.09
P104399,Electronics,640,219,742.83,Normal,4.6,834.16,723.57
P104400,Footwear,762,818,135.75,Normal,3.6,127.87,103.01
P104401,Footwear,569,1022,148.58,Normal,4.1,137.09,109.67
P104402,Footwear,855,1457,99.49,Normal,4.8,88.73,81.0
P104403,Electronics,273,172,674.13,Festival,4.4,713.24,641.48
P104404,Clothing,756,986,95.5,Winter,3.8,108.11,73.82
P104405,Grocery,356,770,24.05,Normal,3.9,27.62,18.84
P104406,Grocery,635,884,25.0,Festival,4.6,27.75,21.58
P104407,Home Decor,502,143,201.66,Festival,4.6,222.7,201.76
P104408,Clothing,909,30,70.68,Summer,2.9,72.1,74.41
P104409,Home Decor,285,911,212.43,Normal,4.1,212.86,145.09
P104410,Electronics,529,302,918.16,Festival,4.7,966.72,841.82
P104411,Clothing,181,922,92.76,Winter,4.5,82.2,64.99
P104412,Electronics,640,44,679.22,Winter,2.8,743.39,686.59
P104413,Footwear,56,1202,146.35,Winter,3.6,154.77,97.69
P104414,Electronics,423,503,709.53,Normal,3.8,656.96,532.52
P104415,Clothing,29,679,92.84,Normal,3.1,97.64,63.93
P104416,Footwear,340,520,147.22,Festival,4.2,153.38,116.33
P104417,Grocery,494,630,32.65,Winter,3.7,35.68,25.27
P104418,Electronics,345,797,614.06,Normal,3.2,679.23,488.44
P104419,Electronics,398,970,828.21,Festival,3.3,785.49,540.95
P104420,Grocery,165,1036,29.19,Normal,4.6,32.1,20.34
P104421,Clothing,720,1485,99.24,Summer,4.7,92.21,76.66
P104422,Electronics,800,273,821.54,Summer,4.5,810.4,778.46
P104423,Grocery,465,1308,29.2,Festival,4.8,29.58,21.92
P104424,Clothing,74,904,92.35,Summer,4.9,101.34,67.61
P104425,Grocery,81,467,27.87,Festival,3.7,31.31,22.38
P104426,Clothing,681,1375,87.94,Normal,2.7,77.79,60.8
P104427,Electronics,930,1061,602.03,Summer,4.5,649.62,518.82
P104428,Electronics,867,281,689.84,Winter,4.1,770.51,706.14
P104429,Clothing,417,266,97.26,Normal,3.5,110.64,88.79
P104430,Electronics,507,990,759.65,Normal,4.9,723.44,581.09
P104431,Clothing,179,1095,97.56,Festival,3.3,90.41,62.93
P104432,Home Decor,88,73,163.73,Summer,4.8,166.14,158.33
P104433,Home Decor,770,944,210.57,Festival,4.0,236.53,176.32
P104434,Clothing,439,799,74.59,Winter,2.6,72.0,53.68
P104435,Grocery,506,1454,21.24,Normal,4.7,21.58,17.17
P104436,Grocery,356,1113,35.69,Festival,4.4,41.0,26.58
P104437,Footwear,326,1364,131.18,Winter,4.1,131.59,93.72
P104438,Clothing,985,55,68.67,Normal,4.0,72.08,76.88
P104439,Clothing,819,1147,106.5,Festival,3.0,122.35,83.37
P104440,Clothing,697,503,70.2,Summer,3.0,68.73,61.64
P104441,Electronics,401,832,759.6,Festival,2.6,724.42,503.82
P104442,Clothing,726,1317,73.52,Normal,2.9,70.31,56.33
P104443,Home Decor,352,1305,160.34,Normal,3.3,167.81,119.41
P104444,Home Decor,525,342,200.23,Winter,3.9,185.0,180.82
P104445,Electronics,162,363,734.15,Normal,2.8,678.67,571.51
P104446,Clothing,715,1085,87.3,Winter,3.9,82.96,68.45
P104447,Clothing,79,1317,110.73,Festival,3.2,113.61,74.0
P104448,Grocery,728,920,35.83,Festival,3.1,39.69,26.87
P104449,Grocery,611,86,30.93,Winter,4.9,31.64,32.21
P104450,Electronics,85,249,848.36,Winter,5.0,925.83,745.13
P104451,Home Decor,515,1125,219.51,Normal,4.5,249.92,173.22
P104452,Home Decor,238,1113,224.76,Winter,2.6,242.69,147.89
P104453,Grocery,486,1345,23.65,Normal,4.3,24.91,18.45
P104454,Footwear,32,800,107.4,Normal,2.9,94.75,64.82
P104455,Grocery,727,644,33.41,Festival,3.9,33.45,26.41
P104456,Clothing,519,172,97.53,Summer,4.7,92.88,90.34
P104457,Electronics,375,1174,785.95,Summer,3.5,800.38,553.95
P104458,Grocery,878,1424,28.24,Summer,4.8,32.1,23.57
P104459,Electronics,652,72,902.64,Festival,4.3,872.42,886.97
P104460,Footwear,617,740,134.89,Normal,3.3,124.56,100.3
P104461,Clothing,164,536,88.49,Normal,2.7,97.6,70.45
P104462,Clothing,510,1118,69.22,Summer,4.5,79.43,61.37
P104463,Clothing,706,1146,86.33,Winter,3.6,94.15,69.15
P104464,Home Decor,927,330,154.73,Summer,2.7,141.94,150.08
P104465,Electronics,612,1428,558.82,Normal,2.8,574.85,438.6
P104466,Electronics,188,210,704.74,Summer,4.9,697.27,626.34
P104467,Electronics,684,1172,562.66,Summer,3.1,591.37,446.42
P104468,Grocery,93,1113,35.77,Festival,4.9,37.94,25.38
P104469,Home Decor,326,247,215.3,Festival,4.2,236.38,214.5
P104470,Clothing,918,1012,92.37,Summer,3.3,87.27,73.68
P104471,Home Decor,805,409,159.04,Normal,3.5,181.38,157.26
P104472,Clothing,904,414,97.6,Summer,4.4,91.55,89.74
P104473,Grocery,365,134,26.41,Summer,3.6,24.12,23.97
P104474,Electronics,689,1120,709.85,Summer,2.7,783.53,546.38
P104475,Grocery,706,1212,29.12,Winter,3.1,29.27,22.36
P104476,Grocery,261,759,26.3,Normal,4.7,26.63,19.38
P104477,Grocery,943,1165,31.33,Festival,4.2,30.27,24.32
P104478,Clothing,970,526,91.21,Normal,3.8,81.41,79.24
P104479,Footwear,128,849,148.41,Winter,3.1,138.36,97.59
P104480,Home Decor,770,1181,171.3,Normal,3.7,185.97,140.92
P104481,Clothing,458,649,97.32,Normal,4.5,91.54,74.8
P104482,Grocery,680,927,25.76,Winter,2.7,29.58,20.93
P104483,Footwear,563,221,112.45,Normal,5.0,122.83,115.69
P104484,Clothing,238,763,90.05,Festival,4.6,99.88,66.7
P104485,Home Decor,114,1277,175.35,Normal,3.3,195.65,122.64
P104486,Clothing,522,1160,81.09,Winter,4.7,87.1,64.59
P104487,Footwear,840,453,167.49,Festival,4.2,168.47,152.56
P104488,Electronics,826,819,814.01,Festival,4.2,917.88,667.76
P104489,Clothing,289,931,98.89,Normal,2.8,98.41,67.52
P104490,Grocery,863,1408,21.4,Normal,4.8,19.39,17.77
P104491,Grocery,368,1244,28.73,Winter,3.6,29.91,20.6
P104492,Home Decor,570,1227,155.03,Normal,4.5,140.85,117.81
P104493,Home Decor,337,1130,183.11,Normal,3.2,193.54,134.06
P104494,Electronics,532,540,755.17,Festival,3.3,867.94,626.34
P104495,Clothing,538,568,91.69,Summer,4.9,97.4,80.97
P104496,Clothing,703,700,93.98,Summer,3.7,88.05,71.64
P104497,Grocery,482,641,23.75,Summer,2.6,21.79,17.66
P104498,Grocery,537,1436,23.26,Summer,4.6,22.71,18.24
P104499,Home Decor,658,1313,180.07,Normal,3.1,165.55,135.26
P104500,Footwear,429,1343,114.21,Summer,4.7,118.08,94.28
P104501,Electronics,533,913,722.12,Normal,4.8,788.14,560.54
P104502,Clothing,103,290,98.42,Festival,2.7,104.1,78.99
P104503,Grocery,872,219,34.68,Festival,4.0,36.3,32.96
P104504,Grocery,143,415,31.98,Summer,5.0,31.9,26.62
P104505,Electronics,875,978,753.64,Festival,4.8,698.35,601.94
P104506,Clothing,765,549,114.43,Festival,3.8,120.4,92.86
P104507,Clothing,948,984,108.95,Festival,4.2,108.22,84.09
P104508,Electronics,44,1320,591.92,Summer,4.0,569.71,425.75
P104509,Footwear,232,504,141.53,Normal,3.0,149.74,103.66
P104510,Clothing,71,1391,84.63,Summer,4.1,83.12,58.86
P104511,Grocery,429,770,33.19,Festival,3.3,30.71,22.4
P104512,Grocery,906,1204,29.74,Winter,3.3,30.05,23.22
P104513,Home Decor,770,94,229.14,Winter,3.5,219.54,218.55
P104514,Electronics,709,417,745.75,Normal,4.6,803.94,681.57
P104515,Electronics,851,1396,786.39,Summer,3.1,702.01,572.3
P104516,Clothing,24,1331,76.64,Normal,3.1,85.09,54.75
P104517,Clothing,791,858,99.08,Normal,2.5,99.53,72.78
P104518,Clothing,325,54,93.66,Winter,2.9,82.82,82.03
P104519,Footwear,697,94,146.62,Winter,4.9,134.31,144.65
P104520,Clothing,768,637,98.0,Summer,3.6,111.26,83.89
P104521,Electronics,692,1347,567.6,Normal,3.0,581.78,456.09
P104522,Clothing,429,569,91.06,Festival,4.9,99.03,75.83
P104523,Footwear,619,1326,145.78,Summer,2.6,163.03,106.46
P104524,Home Decor,479,805,258.37,Festival,3.7,249.71,185.79
P104525,Footwear,635,206,141.54,Summer,4.5,145.45,135.16
P104526,Grocery,469,843,30.31,Festival,4.4,31.99,23.32
P104527,Footwear,406,549,131.4,Festival,3.0,145.49,105.74
P104528,Footwear,218,341,129.26,Summer,4.3,128.41,108.06
P104529,Clothing,399,1014,79.27,Normal,4.1,90.12,63.2
P104530,Grocery,726,310,31.82,Winter,4.2,33.22,30.69
P104531,Footwear,872,1358,150.65,Festival,3.2,168.12,122.33
P104532,Clothing,120,1206,93.32,Festival,4.5,84.22,63.26
P104533,Grocery,199,1174,25.86,Normal,3.9,25.99,19.42
P104534,Grocery,517,118,36.03,Festival,4.3,33.45,31.82
P104535,Grocery,708,1441,27.09,Normal,4.8,30.51,22.07
P104536,Electronics,186,742,632.82,Winter,4.6,597.03,449.38
P104537,Footwear,338,1100,124.2,Normal,4.5,133.21,99.28
P104538,Home Decor,65,291,189.15,Summer,3.2,169.66,151.8
P104539,Electronics,71,1153,619.76,Normal,2.6,579.0,378.07
P104540,Clothing,160,482,93.66,Summer,3.9,90.51,70.62
P104541,Electronics,734,1062,607.99,Normal,2.6,663.38,460.85
P104542,Electronics,871,419,670.67,Normal,4.3,635.67,621.67
P104543,Home Decor,508,1398,192.64,Winter,4.3,212.01,156.15
P104544,Grocery,192,1064,30.11,Festival,3.9,32.91,22.12
P104545,Clothing,923,681,100.41,Festival,2.9,115.27,84.08
P104546,Clothing,292,686,94.45,Winter,4.7,100.39,71.46
P104547,Home Decor,171,5,158.67,Normal,4.0,166.94,156.45
P104548,Clothing,155,452,75.52,Normal,3.8,78.72,63.22
P104549,Footwear,366,1184,163.17,Festival,3.9,148.42,118.34
P104550,Clothing,740,1247,99.73,Summer,2.7,101.58,71.59
P104551,Electronics,409,1499,545.48,Normal,4.4,605.43,469.91
P104552,Footwear,456,133,105.25,Summer,2.7,93.21,96.32
P104553,Electronics,353,379,936.93,Festival,3.9,856.54,751.04
P104554,Footwear,944,1150,109.21,Summer,2.9,113.82,90.67
P104555,Clothing,689,545,102.27,Summer,3.0,113.38,87.95
P104556,Footwear,671,376,145.37,Summer,3.1,139.99,124.94
P104557,Footwear,448,425,110.91,Winter,2.5,123.69,93.87
P104558,Footwear,540,1377,122.35,Festival,4.7,118.82,96.46
P104559,Electronics,887,1287,951.26,Festival,4.5,956.66,770.06
P104560,Footwear,663,13,111.55,Normal,2.6,126.87,117.77
P104561,Home Decor,817,1261,189.29,Normal,2.6,187.92,135.23
P104562,Clothing,59,837,75.94,Summer,4.5,79.12,54.8
P104563,Clothing,862,1267,88.85,Summer,2.5,100.63,71.03
P104564,Footwear,951,935,167.26,Festival,3.7,159.13,128.3
P104565,Electronics,674,1034,845.6,Festival,2.8,765.11,584.76
P104566,Footwear,957,868,118.95,Festival,4.0,135.45,107.87
P104567,Footwear,576,1103,136.86,Winter,5.0,141.12,101.29
P104568,Electronics,290,1223,717.75,Normal,2.9,818.8,521.99
P104569,Grocery,614,764,23.34,Summer,4.9,26.0,19.82
P104570,Grocery,635,172,33.86,Festival,4.7,35.23,34.33
P104571,Clothing,161,144,89.78,Summer,5.0,90.43,82.39
P104572,Home Decor,217,626,175.04,Festival,4.4,176.73,137.93
P104573,Electronics,305,712,846.6,Winter,4.6,782.96,603.01
P104574,Clothing,556,1296,80.93,Normal,4.0,81.13,62.56
P104575,Home Decor,165,54,170.55,Summer,4.7,187.93,178.02
P104576,Electronics,775,1333,657.37,Festival,2.8,753.98,513.67
P104577,Footwear,127,87,121.25,Summer,4.4,138.14,115.5
P104578,Electronics,941,750,619.02,Normal,4.1,705.55,557.24
P104579,Grocery,682,636,24.41,Summer,2.6,21.61,18.8
P104580,Electronics,352,839,777.34,Summer,3.2,792.31,542.36
P104581,Footwear,385,68,131.73,Normal,3.0,123.04,118.62
P104582,Footwear,699,1147,108.42,Summer,3.5,113.42,90.25
P104583,Home Decor,107,205,208.48,Summer,3.0,236.7,181.79
P104584,Home Decor,722,1170,203.6,Normal,3.2,227.36,157.56
P104585,Footwear,561,852,124.94,Normal,3.2,139.18,97.53
P104586,Footwear,236,1332,149.78,Normal,4.0,146.6,103.46
P104587,Grocery,899,1468,24.96,Winter,2.8,25.34,20.12
P104588,Home Decor,636,1266,179.51,Festival,3.1,171.63,132.94
P104589,Grocery,180,680,20.81,Normal,3.3,21.42,14.89
P104590,Home Decor,662,624,177.58,Summer,3.6,170.82,147.21
P104591,Clothing,423,996,82.73,Normal,2.6,90.87,61.89
P104592,Grocery,768,976,21.98,Summer,5.0,22.1,19.65
P104593,Footwear,502,1186,127.6,Normal,3.3,136.41,92.33
P104594,Electronics,999,727,926.06,Festival,3.2,1033.13,751.46
P104595,Electronics,928,696,891.75,Festival,3.9,856.91,703.35
P104596,Home Decor,59,181,235.59,Festival,4.6,246.89,202.35
P104597,Clothing,422,257,91.01,Summer,3.6,100.88,80.36
P104598,Electronics,218,1233,781.35,Winter,3.1,888.15,536.73
P104599,Clothing,461,1483,82.6,Normal,3.9,76.33,60.91
P104600,Clothing,162,904,93.72,Festival,3.7,99.71,64.69
P104601,Grocery,544,519,28.08,Festival,3.6,28.01,22.51
P104602,Home Decor,171,91,159.97,Summer,5.0,153.11,160.17
P104603,Home Decor,630,69,191.11,Normal,5.0,176.32,204.89
P104604,Grocery,465,1016,27.11,Winter,3.9,28.15,20.42
P104605,Footwear,993,964,107.67,Summer,2.7,104.46,82.63
P104606,Clothing,880,428,74.83,Normal,3.9,79.34,73.09
P104607,Home Decor,608,287,246.06,Festival,4.9,235.21,213.98
P104608,Electronics,459,108,713.24,Festival,4.8,627.77,650.58
P104609,Electronics,721,1025,651.99,Normal,3.0,708.81,522.98
P104610,Home Decor,675,911,169.69,Winter,3.0,156.72,121.24
P104611,Home Decor,156,503,160.75,Normal,2.9,152.42,121.12
P104612,Clothing,388,1099,91.62,Normal,4.5,86.45,63.64
P104613,Footwear,992,1268,120.17,Festival,3.7,116.86,98.9
P104614,Grocery,333,778,24.27,Summer,3.3,24.54,18.33
P104615,Clothing,32,397,102.32,Summer,3.3,112.49,78.24
P104616,Clothing,837,13,86.89,Winter,3.2,91.72,91.76
P104617,Electronics,934,1194,723.51,Summer,4.7,665.21,573.17
P104618,Grocery,662,867,28.21,Summer,3.5,26.22,20.41
P104619,Clothing,642,524,85.37,Festival,3.1,94.65,71.61
P104620,Grocery,363,14,24.47,Normal,4.3,23.18,24.5
P104621,Electronics,372,1221,664.35,Summer,4.1,623.85,460.53
P104622,Home Decor,915,1389,165.45,Normal,4.3,145.76,133.26
P104623,Grocery,860,724,23.02,Normal,4.6,25.06,20.58
P104624,Home Decor,508,404,194.65,Normal,2.8,210.1,170.88
P104625,Electronics,326,931,563.32,Normal,2.5,548.59,408.08
P104626,Grocery,204,1307,21.89,Normal,2.6,19.3,14.7
P104627,Home Decor,30,882,197.73,Summer,4.3,215.95,137.66
P104628,Clothing,493,23,85.92,Winter,4.8,77.92,86.94
P104629,Electronics,562,296,704.04,Normal,3.3,707.08,615.97
P104630,Clothing,681,150,66.53,Normal,4.5,73.64,71.01
P104631,Clothing,808,619,89.85,Normal,4.3,84.99,77.56
P104632,Clothing,379,679,94.84,Normal,4.9,93.18,73.26
P104633,Clothing,183,805,86.14,Summer,3.7,91.17,62.15
P104634,Clothing,846,1139,100.2,Winter,2.9,106.38,78.65
P104635,Grocery,767,173,29.26,Festival,4.4,29.4,29.17
P104636,Electronics,542,1414,571.71,Summer,4.5,570.06,434.75
P104637,Clothing,58,399,92.73,Festival,4.3,92.11,73.81
P104638,Footwear,478,784,121.43,Normal,4.7,122.8,94.59
P104639,Electronics,626,320,914.4,Festival,3.4,890.26,769.63
P104640,Clothing,861,536,81.74,Winter,4.2,77.59,70.01
P104641,Electronics,518,1249,621.07,Normal,3.2,599.54,460.24
P104642,Electronics,473,71,804.64,Summer,3.6,811.88,737.3
P104643,Grocery,392,727,23.2,Normal,3.1,22.81,17.01
P104644,Electronics,426,877,733.94,Summer,2.9,761.9,522.58
P104645,Clothing,36,857,76.84,Normal,2.6,80.71,51.64
P104646,Home Decor,121,573,261.07,Festival,4.2,299.95,200.74
P104647,Home Decor,761,569,172.01,Winter,4.7,179.94,159.3
P104648,Electronics,375,1364,867.7,Festival,3.3,935.69,606.83
P104649,Clothing,853,365,87.06,Summer,3.6,78.92,80.08
P104650,Grocery,409,722,32.88,Winter,2.5,35.69,23.18
P104651,Home Decor,996,549,224.54,Normal,3.5,228.45,203.53
P104652,Footwear,197,1149,139.35,Normal,3.2,155.24,96.73
P104653,Electronics,204,1209,578.77,Summer,3.9,661.04,417.1
P104654,Electronics,596,1273,664.09,Normal,4.8,625.7,531.82
P104655,Clothing,806,131,95.0,Normal,3.8,107.42,99.83
P104656,Home Decor,160,151,197.02,Normal,4.2,209.1,185.01
P104657,Home Decor,512,566,228.57,Winter,4.3,246.76,190.35
P104658,Electronics,239,664,779.12,Summer,2.9,784.99,585.6
P104659,Grocery,742,99,23.86,Normal,3.4,23.29,24.0
P104660,Electronics,569,1341,622.77,Winter,2.8,682.56,497.64
P104661,Footwear,661,1346,121.95,Winter,3.6,108.04,89.21
P104662,Home Decor,283,639,201.47,Normal,4.7,206.7,158.62
P104663,Clothing,303,1155,87.08,Winter,3.7,78.36,61.46
P104664,Electronics,646,849,545.26,Normal,3.6,517.31,443.13
P104665,Grocery,365,987,29.34,Summer,3.0,31.56,21.5
P104666,Clothing,696,1310,67.14,Normal,3.3,72.76,48.76
P104667,Footwear,170,142,119.52,Normal,4.8,133.87,115.6
P104668,Clothing,315,352,81.5,Normal,3.3,87.47,69.13
P104669,Home Decor,119,644,186.53,Normal,4.3,198.13,139.48
P104670,Clothing,105,1342,70.38,Normal,2.6,79.9,49.84
P104671,Electronics,277,889,786.53,Winter,2.8,806.27,553.18
P104672,Clothing,499,598,94.82,Normal,3.3,100.18,75.11
P104673,Electronics,161,47,728.06,Normal,4.8,811.34,703.9
P104674,Clothing,111,891,116.01,Festival,3.0,126.01,73.81
P104675,Footwear,879,408,118.39,Winter,4.3,128.79,121.38
P104676,Electronics,524,495,595.26,Summer,2.9,610.1,490.66
P104677,Electronics,721,1493,651.13,Festival,4.0,665.8,520.55
P104678,Electronics,731,793,734.66,Normal,4.0,775.18,620.13
P104679,Electronics,119,212,613.01,Winter,4.1,655.4,545.72
P104680,Home Decor,627,78,233.43,Winter,3.2,239.84,222.09
P104681,Home Decor,863,585,228.82,Festival,2.9,212.82,182.44
P104682,Electronics,459,102,780.49,Summer,4.7,739.18,715.61
P104683,Footwear,864,645,120.83,Normal,3.9,122.42,98.35
P104684,Footwear,946,625,144.5,Winter,3.0,135.12,114.54
P104685,Home Decor,555,1319,187.4,Summer,3.5,186.34,138.8
P104686,Clothing,119,505,86.66,Summer,2.7,79.7,62.32
P104687,Clothing,625,417,92.21,Normal,3.7,84.79,75.8
P104688,Clothing,882,925,73.79,Normal,3.6,81.74,63.74
P104689,Home Decor,587,960,222.54,Summer,2.8,228.42,151.73
P104690,Footwear,804,61,139.42,Summer,3.6,152.07,146.03
P104691,Grocery,544,130,30.24,Winter,4.1,26.7,27.91
P104692,Clothing,431,255,76.01,Summer,4.8,72.75,72.0
P104693,Footwear,946,1166,103.05,Normal,4.3,91.18,85.22
P104694,Home Decor,169,318,157.84,Summer,3.8,139.04,128.15
P104695,Clothing,458,1489,103.67,Festival,4.4,92.13,72.87
P104696,Footwear,172,663,112.51,Winter,3.2,114.85,86.28
P104697,Clothing,661,1400,105.97,Winter,4.2,95.85,76.41
P104698,Grocery,923,374,32.68,Winter,2.5,35.8,30.26
P104699,Grocery,997,638,21.44,Summer,2.7,21.85,19.41
P104700,Footwear,249,210,139.89,Summer,4.1,132.37,115.42
P104701,Home Decor,733,1269,172.82,Summer,3.0,191.21,138.52
P104702,Clothing,876,898,79.65,Summer,4.2,81.05,64.29
P104703,Clothing,837,118,73.87,Normal,4.1,72.0,74.82
P104704,Clothing,513,1117,99.82,Winter,2.7,103.15,72.76
P104705,Electronics,190,1331,829.77,Winter,3.5,880.89,580.9
P104706,Clothing,472,1029,69.0,Summer,4.0,71.13,54.94
P104707,Electronics,780,1213,608.48,Normal,4.3,688.7,506.06
P104708,Clothing,627,417,81.04,Normal,4.5,79.06,73.68
P104709,Electronics,400,651,678.85,Normal,3.3,672.53,490.37
P104710,Clothing,230,1282,80.97,Festival,4.6,90.03,61.95
P104711,Footwear,658,914,141.23,Normal,3.4,148.59,105.89
P104712,Clothing,439,919,103.59,Winter,2.5,118.19,76.67
P104713,Grocery,482,1151,24.83,Normal,4.0,27.16,19.28
P104714,Home Decor,939,923,213.95,Normal,3.1,217.91,169.31
P104715,Grocery,28,193,28.6,Summer,2.8,30.07,23.67
P104716,Electronics,253,323,824.1,Festival,3.1,815.57,659.39
P104717,Clothing,921,1168,99.4,Winter,4.6,90.9,78.76
P104718,Grocery,923,367,26.35,Summer,4.8,26.09,26.08
P104719,Grocery,316,999,26.39,Normal,4.9,25.23,18.95
P104720,Electronics,994,714,628.06,Summer,3.3,667.68,543.22
P104721,Clothing,227,932,90.1,Normal,3.6,95.57,65.87
P104722,Grocery,70,360,22.21,Normal,4.5,25.17,19.99
P104723,Clothing,320,469,87.28,Festival,3.3,78.68,66.36
P104724,Grocery,540,1033,27.2,Winter,3.5,27.37,20.42
P104725,Electronics,25,261,756.02,Festival,3.1,746.67,591.88
P104726,Clothing,188,466,73.84,Normal,3.9,75.5,60.4
P104727,Footwear,795,1497,114.8,Winter,4.1,104.73,87.51
P104728,Clothing,629,232,100.93,Winter,3.3,102.21,94.49
P104729,Grocery,613,868,31.69,Festival,2.6,33.5,24.31
P104730,Clothing,989,231,78.58,Normal,4.3,75.81,79.73
P104731,Clothing,243,1062,100.38,Winter,4.0,105.96,72.95
P104732,Home Decor,898,195,224.16,Winter,3.0,213.34,217.34
P104733,Clothing,368,863,69.41,Normal,3.3,68.01,49.45
P104734,Clothing,926,662,87.67,Summer,4.9,98.62,75.54
P104735,Home Decor,787,1039,176.39,Summer,4.1,156.42,144.68
P104736,Footwear,229,9,149.04,Festival,4.0,142.14,135.7
P104737,Footwear,225,776,139.51,Summer,4.1,158.02,101.41
P104738,Electronics,551,815,551.44,Summer,4.9,507.16,441.17
P104739,Electronics,512,364,798.32,Festival,3.3,788.18,665.86
P104740,Grocery,250,450,27.89,Festival,3.2,27.96,23.74
P104741,Electronics,275,1061,805.06,Festival,3.4,850.32,557.04
P104742,Clothing,901,830,73.54,Winter,4.5,76.86,64.24
P104743,Footwear,758,870,165.89,Festival,2.8,174.06,127.29
P104744,Clothing,207,1403,99.48,Festival,3.0,112.8,72.29
P104745,Electronics,730,610,591.99,Normal,3.1,583.74,510.49
P104746,Electronics,170,1304,748.13,Normal,4.1,757.29,517.75
P104747,Clothing,456,1461,66.9,Normal,4.1,76.28,54.68
P104748,Grocery,31,866,26.87,Normal,3.4,24.58,16.08
P104749,Home Decor,656,321,186.44,Normal,3.2,211.79,176.34
P104750,Electronics,198,630,560.4,Summer,4.4,636.64,461.81
P104751,Electronics,251,74,602.79,Normal,2.6,685.64,586.01
P104752,Grocery,205,1049,21.33,Normal,4.3,19.16,16.54
P104753,Clothing,199,414,96.24,Winter,3.0,99.7,76.63
P104754,Grocery,95,1385,28.93,Summer,4.8,32.01,21.76
P104755,Home Decor,563,981,182.32,Festival,3.5,175.89,136.41
P104756,Grocery,870,736,22.97,Winter,4.1,23.88,20.37
P104757,Clothing,315,284,95.88,Normal,2.8,91.01,77.73
P104758,Home Decor,784,153,192.51,Festival,3.1,176.15,187.77
P104759,Electronics,552,1010,636.41,Summer,4.3,706.48,529.31
P104760,Home Decor,269,1150,212.6,Winter,3.9,243.41,159.32
P104761,Grocery,80,402,21.15,Normal,4.4,19.01,16.32
P104762,Grocery,787,20,31.61,Summer,3.9,28.85,32.08
P104763,Home Decor,42,483,149.38,Normal,3.9,155.2,122.93
P104764,Grocery,433,1148,31.41,Winter,4.6,28.37,22.89
P104765,Clothing,53,872,82.7,Winter,3.6,86.87,57.94
P104766,Clothing,780,131,83.5,Festival,4.7,89.7,90.39
P104767,Grocery,990,176,26.03,Winter,3.4,25.82,27.36
P104768,Grocery,336,164,36.53,Festival,3.3,39.61,31.94
P104769,Electronics,327,1138,680.85,Normal,4.4,620.04,496.51
P104770,Footwear,573,1173,104.5,Summer,2.5,100.46,75.45
P104771,Grocery,511,614,32.46,Winter,2.9,35.64,25.49
P104772,Clothing,393,1035,70.54,Normal,2.7,63.76,50.39
P104773,Electronics,378,36,548.29,Normal,3.8,524.69,533.8
P104774,Clothing,203,845,79.25,Festival,4.1,83.03,58.29
P104775,Electronics,265,411,763.96,Normal,2.5,723.31,569.83
P104776,Electronics,593,1231,593.04,Summer,2.9,598.88,446.55
P104777,Clothing,739,735,73.91,Summer,3.3,81.75,61.72
P104778,Electronics,755,1277,940.32,Festival,3.2,895.94,685.26
P104779,Clothing,526,846,86.64,Normal,2.7,86.44,58.72
P104780,Grocery,758,688,23.57,Normal,2.9,20.86,18.4
P104781,Clothing,600,1420,88.35,Summer,4.6,94.64,70.09
P104782,Home Decor,369,1494,196.37,Festival,4.3,191.63,142.15
P104783,Home Decor,366,686,185.86,Normal,3.2,206.71,137.46
P104784,Grocery,528,539,24.82,Summer,3.2,22.44,19.6
P104785,Home Decor,321,971,231.03,Festival,2.7,252.1,158.62
P104786,Home Decor,768,261,243.47,Festival,3.4,267.75,236.08
P104787,Clothing,201,582,79.92,Summer,3.5,87.07,58.92
P104788,Footwear,73,1269,112.18,Winter,4.8,120.96,80.71
P104789,Electronics,501,1345,651.4,Summer,4.4,615.06,477.52
P104790,Footwear,90,626,137.52,Normal,3.7,136.49,98.81
P104791,Grocery,207,588,29.83,Summer,2.8,29.36,22.0
P104792,Electronics,388,1312,775.14,Summer,4.1,732.57,560.74
P104793,Clothing,24,307,102.1,Summer,4.8,103.4,81.51
P104794,Home Decor,239,96,217.78,Summer,2.7,232.66,190.73
P104795,Clothing,553,113,101.89,Summer,4.6,102.83,97.63
P104796,Electronics,387,171,835.66,Festival,3.0,955.25,771.55
P104797,Electronics,898,1320,615.02,Summer,4.3,658.91,522.28
P104798,Grocery,111,65,28.66,Winter,3.0,28.65,23.93
P104799,Home Decor,725,501,167.8,Summer,4.0,165.97,152.65
P104800,Footwear,600,905,108.97,Winter,3.1,113.07,88.53
P104801,Clothing,651,915,78.24,Summer,3.9,77.98,61.12
P104802,Electronics,678,1248,748.59,Festival,4.0,703.61,567.45
P104803,Electronics,71,1471,731.13,Normal,4.0,746.26,479.0
P104804,Grocery,796,606,24.4,Normal,4.2,25.91,20.38
P104805,Footwear,344,353,101.52,Summer,2.7,99.16,80.9
P104806,Footwear,657,140,145.71,Normal,4.3,139.38,140.3
P104807,Clothing,308,1337,85.88,Normal,2.9,80.61,58.01
P104808,Grocery,408,563,23.45,Summer,4.2,22.93,19.58
P104809,Clothing,706,1348,78.74,Winter,2.8,74.48,58.65
P104810,Grocery,936,525,21.83,Normal,3.7,23.71,21.43
P104811,Grocery,880,1135,32.06,Winter,3.5,33.74,25.85
P104812,Footwear,731,966,116.9,Winter,4.9,111.92,94.32
P104813,Grocery,547,1071,36.12,Festival,4.1,41.46,27.15
P104814,Home Decor,537,979,173.1,Summer,2.7,182.5,121.76
P104815,Clothing,966,463,93.09,Normal,4.3,85.5,86.65
P104816,Electronics,222,159,552.0,Summer,3.0,609.36,502.36
P104817,Clothing,954,21,84.69,Summer,3.2,91.76,89.45
P104818,Grocery,655,633,25.2,Summer,3.4,25.58,20.59
P104819,Grocery,623,1337,25.54,Winter,4.4,24.09,18.85
P104820,Grocery,599,965,31.17,Normal,4.9,34.25,25.04
P104821,Footwear,816,1012,135.6,Normal,4.8,123.88,106.38
P104822,Clothing,689,391,74.4,Normal,2.9,73.87,68.32
P104823,Footwear,112,731,161.93,Festival,2.7,178.23,110.95
P104824,Footwear,785,613,111.39,Winter,4.6,122.13,105.14
P104825,Clothing,734,208,103.3,Winter,3.2,108.47,97.64
P104826,Clothing,916,922,82.68,Summer,4.0,72.93,63.49
P104827,Electronics,937,548,586.29,Normal,4.9,568.67,534.87
P104828,Clothing,950,607,88.48,Festival,3.0,98.25,76.06
P104829,Footwear,61,897,112.79,Winter,3.4,121.22,85.72
P104830,Home Decor,637,51,259.16,Festival,4.7,284.78,265.78
P104831,Grocery,935,1404,23.79,Normal,4.1,21.34,19.39
P104832,Clothing,966,337,72.63,Summer,4.8,82.36,81.43
P104833,Footwear,558,1020,140.35,Normal,4.1,132.18,104.49
P104834,Footwear,913,1165,109.4,Normal,3.3,106.09,86.59
P104835,Clothing,882,235,68.84,Normal,4.5,76.2,76.78
P104836,Footwear,22,376,136.88,Summer,4.4,135.46,107.53
P104837,Electronics,887,621,551.12,Summer,4.8,580.68,521.86
P104838,Electronics,644,1227,811.6,Winter,3.7,835.25,622.58
P104839,Electronics,582,955,690.28,Normal,3.8,768.86,538.69
P104840,Electronics,194,703,601.99,Normal,3.3,555.12,427.51
P104841,Home Decor,920,1274,217.42,Festival,3.2,197.07,171.12
P104842,Clothing,309,712,76.87,Summer,5.0,80.77,59.55
P104843,Clothing,429,1329,86.45,Summer,4.9,95.79,71.24
P104844,Clothing,311,1156,100.61,Festival,3.8,113.62,72.71
P104845,Clothing,970,262,94.91,Summer,4.9,93.77,99.79
P104846,Clothing,493,578,96.33,Festival,3.4,103.88,75.38
P104847,Electronics,131,42,752.87,Normal,4.6,741.96,686.53
P104848,Grocery,30,361,22.52,Winter,4.1,21.76,19.42
P104849,Electronics,980,38,837.95,Winter,4.3,742.87,883.78
P104850,Footwear,251,162,111.21,Summer,4.3,105.38,104.85
P104851,Electronics,775,11,812.83,Winter,4.1,752.64,801.34
P104852,Footwear,48,1009,123.92,Normal,4.6,118.04,86.12
P104853,Footwear,898,617,110.03,Winter,3.5,105.41,94.55
P104854,Electronics,657,707,652.57,Summer,4.6,725.6,540.29
P104855,Electronics,240,1147,813.36,Summer,3.0,760.42,546.39
P104856,Home Decor,891,1215,218.57,Summer,3.0,240.69,170.62
P104857,Grocery,311,801,33.35,Festival,4.3,37.09,23.76
P104858,Grocery,997,689,29.01,Festival,4.4,29.16,23.74
P104859,Electronics,607,976,823.13,Festival,4.8,885.37,679.06
P104860,Clothing,459,625,86.83,Festival,3.2,83.88,64.71
P104861,Grocery,77,666,28.29,Summer,2.6,25.03,18.03
P104862,Home Decor,274,451,198.0,Festival,3.8,212.18,158.97
P104863,Clothing,77,288,96.94,Summer,4.7,101.18,84.94
P104864,Footwear,856,303,134.75,Normal,4.9,135.37,129.51
P104865,Footwear,118,984,121.87,Summer,4.6,136.82,87.47
P104866,Electronics,130,1246,760.36,Winter,3.7,818.43,526.45
P104867,Clothing,141,638,79.09,Summer,4.7,78.69,60.2
P104868,Clothing,974,147,70.95,Normal,3.0,63.46,72.96
P104869,Clothing,971,917,75.9,Summer,4.8,84.75,66.98
P104870,Grocery,720,1353,23.42,Normal,3.9,26.84,20.71
P104871,Clothing,92,793,75.6,Summer,3.5,79.48,52.19
P104872,Clothing,513,45,88.94,Normal,4.0,96.71,88.39
P104873,Footwear,949,127,161.15,Festival,4.5,163.83,163.74
P104874,Grocery,114,785,26.94,Winter,3.1,25.43,17.31
P104875,Grocery,797,1293,32.05,Summer,2.8,36.1,24.2
P104876,Grocery,37,92,31.88,Winter,4.3,33.98,28.82
P104877,Clothing,807,1131,68.59,Normal,4.9,70.52,57.54
P104878,Footwear,553,1170,122.16,Normal,4.1,130.0,95.9
P104879,Clothing,890,82,99.76,Summer,2.9,101.57,97.33
P104880,Clothing,425,321,77.57,Winter,4.1,69.48,65.24
P104881,Electronics,789,10,657.92,Summer,2.8,696.29,706.57
P104882,Grocery,845,851,31.6,Summer,3.3,27.85,24.2
P104883,Grocery,338,266,34.03,Festival,2.6,31.98,27.87
P104884,Clothing,649,1375,99.89,Winter,3.7,92.11,69.9
P104885,Home Decor,471,141,222.14,Summer,3.3,215.89,193.87
P104886,Home Decor,443,975,160.85,Normal,2.7,180.99,132.25
P104887,Electronics,803,1181,728.45,Normal,3.3,656.71,540.83
P104888,Footwear,241,271,139.82,Normal,4.1,136.54,114.89
P104889,Clothing,137,382,75.59,Summer,3.2,82.02,65.09
P104890,Home Decor,490,1196,150.96,Normal,2.9,168.02,119.0
P104891,Clothing,825,143,84.65,Festival,3.9,91.31,89.66
P104892,Clothing,179,665,107.5,Festival,4.4,122.62,76.43
P104893,Clothing,353,378,92.17,Summer,4.6,98.43,80.49
P104894,Clothing,673,24,96.28,Normal,3.7,104.08,101.11
P104895,Footwear,487,680,135.41,Festival,4.3,134.59,103.03
P104896,Grocery,613,732,27.18,Normal,4.6,26.14,22.0
P104897,Clothing,537,524,78.5,Festival,4.2,78.87,64.57
P104898,Grocery,813,1219,30.55,Normal,3.8,33.22,24.46
P104899,Home Decor,877,148,190.52,Normal,2.6,201.1,197.73
P104900,Footwear,460,647,137.02,Normal,3.2,149.13,102.85
P104901,Grocery,442,275,24.26,Summer,3.3,25.46,22.28
P104902,Clothing,293,1138,70.47,Summer,3.5,75.96,54.41
P104903,Electronics,454,837,550.56,Normal,4.9,507.63,433.23
P104904,Home Decor,839,1059,248.57,Festival,3.0,240.47,182.58
P104905,Footwear,511,165,125.36,Festival,3.9,129.32,118.13
P104906,Grocery,697,688,29.36,Normal,5.0,25.97,23.24
P104907,Home Decor,430,80,198.4,Festival,4.0,223.46,198.36
P104908,Electronics,712,488,684.29,Normal,3.0,646.42,547.14
P104909,Footwear,718,1418,118.63,Winter,4.9,107.23,97.72
P104910,Electronics,537,1091,547.0,Normal,3.3,579.46,417.79
P104911,Electronics,935,122,705.1,Summer,2.6,657.38,662.79
P104912,Grocery,878,556,28.85,Festival,3.6,29.76,24.66
P104913,Clothing,175,1306,80.57,Normal,3.1,76.32,52.85
P104914,Home Decor,243,259,205.81,Winter,4.5,190.33,174.57
P104915,Clothing,955,1136,80.97,Winter,3.0,87.33,64.21
P104916,Footwear,413,484,135.14,Winter,4.5,133.1,113.69
P104917,Footwear,324,718,156.16,Festival,2.6,161.64,111.84
P104918,Footwear,800,1315,109.2,Winter,4.8,102.47,90.8
P104919,Home Decor,610,1010,179.94,Summer,2.6,185.18,128.41
P104920,Clothing,150,428,68.69,Normal,4.8,68.26,57.01
P104921,Clothing,109,18,67.81,Summer,2.7,60.61,60.61
P104922,Electronics,811,356,645.84,Festival,4.7,695.05,615.09
P104923,Clothing,769,629,101.45,Festival,4.6,104.4,82.81
P104924,Home Decor,365,204,158.75,Summer,4.0,179.45,149.09
P104925,Grocery,865,1323,30.73,Summer,2.6,33.75,24.02
P104926,Clothing,142,87,91.72,Normal,4.1,94.86,87.79
P104927,Electronics,871,813,535.46,Normal,4.0,477.43,419.18
P104928,Grocery,97,1465,27.46,Summer,3.9,29.74,19.94
P104929,Footwear,643,505,98.93,Normal,4.1,101.72,88.86
P104930,Clothing,846,807,81.84,Festival,4.9,90.47,68.39
P104931,Footwear,626,114,153.88,Summer,5.0,159.41,160.04
P104932,Grocery,783,1095,25.41,Normal,3.8,22.38,20.81
P104933,Footwear,356,1466,117.77,Festival,2.7,129.55,87.74
P104934,Clothing,302,1160,97.7,Summer,2.8,107.06,69.37
P104935,Grocery,280,228,30.36,Normal,4.3,27.53,25.86
P104936,Electronics,134,531,727.45,Winter,5.0,774.47,583.23
P104937,Clothing,291,1086,95.28,Winter,3.6,97.38,67.92
P104938,Footwear,262,1199,146.97,Winter,2.7,152.75,102.06
P104939,Grocery,761,608,28.4,Normal,3.4,31.81,25.24
P104940,Electronics,228,1442,671.22,Normal,3.5,635.9,456.31
P104941,Home Decor,182,309,212.05,Normal,5.0,187.36,175.51
P104942,Electronics,738,1113,700.8,Summer,4.2,656.17,543.1
P104943,Grocery,547,747,23.29,Normal,2.8,26.25,18.83
P104944,Home Decor,231,1069,174.54,Festival,3.3,163.56,131.86
P104945,Grocery,711,896,25.82,Winter,2.6,27.42,20.51
P104946,Footwear,231,651,105.74,Summer,4.1,115.6,86.86
P104947,Grocery,789,1223,21.18,Normal,4.2,23.29,18.92
P104948,Footwear,51,1262,129.97,Winter,2.6,114.74,85.12
P104949,Grocery,598,1226,36.16,Festival,3.3,31.91,26.35
P104950,Footwear,604,137,122.54,Festival,4.8,140.55,125.52
P104951,Clothing,385,637,77.27,Summer,4.6,79.0,63.81
P104952,Footwear,695,1125,141.23,Normal,3.9,126.71,96.93
P104953,Clothing,392,1300,79.42,Normal,3.7,70.47,58.42
P104954,Home Decor,660,546,243.47,Festival,5.0,267.55,215.93
P104955,Clothing,239,1112,84.26,Normal,4.3,94.73,62.52
P104956,Clothing,577,851,91.56,Winter,4.9,93.54,66.68
P104957,Home Decor,761,334,160.07,Normal,2.7,156.93,147.71
P104958,Clothing,966,1339,80.05,Summer,3.0,85.62,66.45
P104959,Clothing,373,669,92.21,Winter,2.6,81.7,63.27
P104960,Footwear,483,909,105.77,Winter,4.7,118.75,85.94
P104961,Electronics,486,436,620.78,Winter,4.2,589.21,522.68
P104962,Electronics,862,43,679.49,Winter,2.9,632.97,680.45
P104963,Grocery,963,681,28.58,Summer,4.9,27.55,23.94
P104964,Clothing,653,1085,83.13,Normal,4.9,74.58,66.21
P104965,Clothing,825,494,93.03,Summer,3.1,91.66,78.98
P104966,Electronics,102,1393,758.24,Summer,4.1,813.58,505.91
P104967,Clothing,764,1126,70.67,Winter,4.2,71.69,59.16
P104968,Clothing,813,964,114.01,Festival,2.5,120.89,85.6
P104969,Electronics,720,1210,786.27,Summer,4.2,737.3,623.99
P104970,Grocery,592,1292,27.63,Festival,3.1,27.28,20.94
P104971,Grocery,901,1083,25.71,Normal,4.8,26.23,21.26
P104972,Electronics,660,1238,637.7,Summer,4.6,659.76,543.56
P104973,Clothing,849,1071,96.79,Normal,4.8,90.04,73.96
P104974,Home Decor,196,1292,187.86,Winter,4.4,206.29,140.15
P104975,Grocery,672,160,29.21,Festival,2.9,26.42,26.84
P104976,Clothing,448,519,99.88,Summer,3.4,90.54,78.87
P104977,Grocery,870,1332,26.96,Normal,4.3,25.54,22.81
P104978,Electronics,882,713,571.53,Normal,3.3,603.91,506.9
P104979,Footwear,847,27,134.62,Summer,4.3,121.27,138.44
P104980,Home Decor,231,1272,215.36,Summer,3.3,189.97,143.8
P104981,Home Decor,502,985,184.17,Winter,2.9,185.55,136.09
P104982,Clothing,20,1366,86.24,Summer,3.8,83.96,56.37
P104983,Clothing,980,29,87.16,Normal,4.2,80.39,92.7
P104984,Electronics,272,224,797.28,Festival,3.8,842.8,730.87
P104985,Clothing,631,768,117.96,Festival,4.1,124.24,90.3
P104986,Clothing,497,276,83.03,Normal,3.6,75.8,77.0
P104987,Grocery,906,783,27.42,Normal,4.4,25.83,21.44
P104988,Electronics,824,523,754.81,Normal,4.1,738.61,649.46
P104989,Home Decor,781,319,167.66,Winter,3.9,192.36,172.5
P104990,Electronics,650,1156,577.99,Winter,3.6,628.57,483.5
P104991,Electronics,136,63,853.25,Winter,3.8,828.53,739.49
P104992,Home Decor,920,1313,216.53,Winter,2.6,246.99,177.08
P104993,Footwear,81,234,125.81,Winter,4.2,126.17,110.46
P104994,Clothing,466,872,68.19,Summer,3.0,67.01,48.39
P104995,Grocery,391,1487,23.63,Winter,4.7,26.81,19.55
P104996,Clothing,402,174,69.89,Winter,4.5,75.4,72.48
P104997,Electronics,977,1390,682.44,Winter,3.8,701.49,571.89
P104998,Grocery,246,459,27.26,Summer,4.6,28.41,21.6
P104999,Clothing,588,1112,75.39,Winter,4.2,86.15,61.9
P105000,Grocery,233,1286,32.31,Festival,2.9,29.76,21.21
